MatchID,Status,Name
1096,Referee,LOMBARDI Domingo (URU)
1090,Referee,MACIAS Jose (ARG)
1093,Referee,TEJADA Anibal (URU)
1098,Referee,WARNKEN Alberto (CHI)
1085,Referee,REGO Gilberto (BRA)
1095,Referee,CRISTOPHE Henry (BEL)
1092,Referee,MATEUCCI Francisco (URU)
1097,Referee,MACIAS Jose (ARG)
1099,Referee,LANGENUS Jean (BEL)
1094,Referee,TEJADA Anibal (URU)
1086,Referee,SAUCEDO Ulises (BOL)
1091,Referee,BALWAY Thomas (FRA)
1089,Referee,VALLARINO Ricardo (URU)
1100,Referee,REGO Gilberto (BRA)
1084,Referee,LANGENUS Jean (BEL)
1088,Referee,LANGENUS Jean (BEL)
1101,Referee,REGO Gilberto (BRA)
1087,Referee,LANGENUS Jean (BEL)
1104,Referee,VAN MOORSEL Johannes (NED)
1119,Referee,BARLASSINA Rinaldo (ITA)
1133,Referee,EKLIND Ivan (SWE)
1102,Referee,BRAUN Eugen (AUT)
1108,Referee,MATTEA Francesco (ITA)
1111,Referee,BIRLEM Alfred (GER)
1135,Referee,MERCET Rene (SUI)
1141,Referee,LANGENUS Jean (BEL)
1143,Referee,BERANEK Alois (AUT)
1129,Referee,BARLASSINA Rinaldo (ITA)
1122,Referee,BAERT Louis (BEL)
1106,Referee,MATTEA Francesco (ITA)
1123,Referee,MERCET Rene (SUI)
1107,Referee,EKLIND Ivan (SWE)
1130,Referee,BARLASSINA Rinaldo (ITA)
1105,Referee,CARRARO Albino (ITA)
1134,Referee,EKLIND Ivan (SWE)
1165,Referee,LANGENUS Jean (BEL)
1173,Referee,CONRIE Roger (FRA)
1146,Referee,WUETHRICH Hans (SUI)
1156,Referee,SCARPI Giuseppe (ITA)
1179,Referee,BERANEK Alois (AUT)
1150,Referee,EKLIND Ivan (SWE)
1172,Referee,LECLERCQ Lucien (FRA)
1157,Referee,BIRLEM Alfred (GER)
1166,Referee,EKLIND Ivan (SWE)
1152,Referee,VON HERTZKA Pal (HUN)
1175,Referee,BARLASSINA Rinaldo (ITA)
1158,Referee,KRIST Gustav (TCH)
1164,Referee,BAERT Louis (BEL)
1153,Referee,CAPDEVILLE Georges (FRA)
1176,Referee,LECLERCQ Lucien (FRA)
1149,Referee,WUETHRICH Hans (SUI)
1151,Referee,LANGENUS Jean (BEL)
1174,Referee,CAPDEVILLE Georges (FRA)
1187,Referee,READER George (ENG)
1192,Referee,VAN DER MEER Karel (NED)
1208,Referee,VIANA Mario (BRA)
1219,Referee,LUTZ Jean (SUI)
1230,Referee,GALEATI Giovanni (ITA)
1188,Referee,AZON ROMA Ramon (ESP)
1225,Referee,LEAFE Reginald (ENG)
1193,Referee,MALCHER Alberto (BRA)
1228,Referee,MITCHELL Robert (SCO)
1202,Referee,DATTILO Generoso (ITA)
1191,Referee,GRIFFITHS Benjamin (WAL)
1199,Referee,GALEATI Giovanni (ITA)
1218,Referee,ELLIS Arthur (ENG)
1185,Referee,READER George (ENG)
1222,Referee,EKLIND Ivan (SWE)
1194,Referee,GARDELLI Mario (BRA)
1207,Referee,GRIFFITHS Benjamin (WAL)
1189,Referee,ELLIS Arthur (ENG)
1186,Referee,LEAFE Reginald (ENG)
1231,Referee,GALEATI Giovanni (ITA)
1206,Referee,VAN DER MEER Karel (NED)
1190,Referee,READER George (ENG)
1315,Referee,ELLIS Arthur (ENG)
1236,Referee,FRANKEN Laurent (BEL)
1249,Referee,WYSSLING Paul (SUI)
1276,Referee,GRIFFITHS Benjamin (WAL)
1283,Referee,DA COSTA VIEIRA Jose (POR)
1294,Referee,VINCENTI Raymond (FRA)
1240,Referee,SCHMETZER Emil (FRG)
1300,Referee,VIANA Mario (BRA)
1313,Referee,ORLANDINI Vincenzo (ITA)
1238,Referee,STEFANOVIC Vasa (YUG)
1275,Referee,ASENSI Manuel (ESP)
1252,Referee,FAULTLESS Charlie (SCO)
1277,Referee,LING William (ENG)
1304,Referee,MARINO Esteban (URU)
1263,Referee,ZSOLT Istvan (HUN)
1243,Referee,STEINER Carl (AUT)
1284,Referee,VINCENTI Raymond (FRA)
1301,Referee,GRIFFITHS Benjamin (WAL)
1264,Referee,STEINER Carl (AUT)
1237,Referee,FAULTLESS Charlie (SCO)
1285,Referee,ZSOLT Istvan (HUN)
1248,Referee,ELLIS Arthur (ENG)
1233,Referee,ORLANDINI Vincenzo (ITA)
1295,Referee,GRIFFITHS Benjamin (WAL)
1239,Referee,WYSSLING Paul (SUI)
1278,Referee,LING William (ENG)
1415,Referee,LATYCHEV Nikolaj (URS)
1372,Referee,ZSOLT Istvan (HUN)
1323,Referee,LEAFE Reginald (ENG)
1407,Referee,CODESAL Jose Maria (URU)
1386,Referee,GARDEAZABAL Juan (ESP)
1434,Referee,WYSSLING Paul (SUI)
1326,Referee,GUIGUE Maurice (FRA)
1421,Referee,SEIPELT Fritz (AUT)
1339,Referee,DUSCH Albert (GER)
1418,Referee,LEMESIC Leo (YUG)
1423,Referee,ORLANDINI Vincenzo (ITA)
1388,Referee,GRIFFITHS Benjamin (WAL)
1332,Referee,JORGENSEN Carl Frederik (DEN)
1391,Referee,ELLIS Arthur (ENG)
1324,Referee,AHLNER Sten (SWE)
1406,Referee,MOWAT Jack (SCO)
1438,Referee,VAN NUFFEL Lucien (BEL)
1344,Referee,GUIGUE Maurice (FRA)
1389,Referee,FERNANDES CAMPOS Joaquim (POR)
1403,Referee,ERIKSSON Arne (FIN)
1426,Referee,MACKO Martin (TCH)
1387,Referee,BROZZI Juan (ARG)
1327,Referee,BRONKHORST Jan (NED)
1325,Referee,ELLIS Arthur (ENG)
1373,Referee,DUSCH Albert (GER)
1422,Referee,GUIGUE Maurice (FRA)
1408,Referee,LATYCHEV Nikolaj (URS)
1345,Referee,SEIPELT Fritz (AUT)
1392,Referee,WYSSLING Paul (SUI)
1437,Referee,LEAFE Reginald (ENG)
1385,Referee,GARDEAZABAL Juan (ESP)
1390,Referee,ZSOLT Istvan (HUN)
1340,Referee,GRIFFITHS Benjamin (WAL)
1382,Referee,BROZZI Juan (ARG)
1343,Referee,GUIGUE Maurice (FRA)
1479,Referee,DOROGI Andor (HUN)
1461,Referee,DIENST Gottfried (SUI)
1447,Referee,GARDEAZABAL Juan (ESP)
1473,Referee,ASTON Ken (ENG)
1563,Referee,DUSCH Albert (GER)
1498,Referee,STEINER Carl (AUT)
1490,Referee,HORN Leo (NED)
1507,Referee,DAVIDSON Bob (SCO)
1564,Referee,GALBA Karol (TCH)
1462,Referee,SCHWINTE Pierre (FRA)
1450,Referee,LATYCHEV Nikolaj (URS)
1472,Referee,ASTON Ken (ENG)
1478,Referee,ETZEL FILHO Joao (BRA)
1497,Referee,TESANIC Branko (YUG)
1470,Referee,GARDEAZABAL Juan (ESP)
1510,Referee,HORN Leo (NED)
1562,Referee,JONNI Cesare (ITA)
1460,Referee,BUSTAMANTE Sergio (CHI)
1451,Referee,YAMASAKI MALDONADO Arturo (MEX)
1471,Referee,DAVIDSON Bob (SCO)
1480,Referee,ROBLES Carlos (CHI)
1544,Referee,DIENST Gottfried (SUI)
1464,Referee,BLAVIER Arthur (BEL)
1532,Referee,LATYCHEV Nikolaj (URS)
1474,Referee,HORN Leo (NED)
1459,Referee,SCHWINTE Pierre (FRA)
1525,Referee,LATYCHEV Nikolaj (URS)
1511,Referee,YAMASAKI MALDONADO Arturo (MEX)
1559,Referee,DIENST Gottfried (SUI)
1458,Referee,YAMASAKI MALDONADO Arturo (MEX)
1475,Referee,GARDEAZABAL Juan (ESP)
1463,Referee,LATYCHEV Nikolaj (URS)
1636,Referee,ZSOLT Istvan (HUN)
1656,Referee,PHILLIPS Hugh (SCO)
1596,Referee,TSCHENSCHER Kurt (GER)
1710,Referee,GARDEAZABAL Juan (ESP)
1650,Referee,ASHKENAZI Menachem (ISR)
1675,Referee,CALLAGHAN Leo (WAL)
1578,Referee,RUMENTCHEV Dimitar (BUL)
1608,Referee,DIENST Gottfried (SUI)
1653,Referee,GALBA Karol (TCH)
1641,Referee,BAKHRAMOV Tofik (URS)
1597,Referee,DAGNALL Kenneth (ENG)
1609,Referee,KANDIL Aly Hussein (EGY)
1602,Referee,CODESAL Jose Maria (URU)
1579,Referee,ZECEVIC Konstantin (YUG)
1682,Referee,KREITLEIN Rudolf (GER)
1634,Referee,LO BELLO Concetto (ITA)
1689,Referee,LOEOEW Bertil (SWE)
1582,Referee,FERNANDES CAMPOS Joaquim (POR)
1598,Referee,McCABE George (ENG)
1679,Referee,SCHWINTE Pierre (FRA)
1632,Referee,YAMASAKI MALDONADO Arturo (MEX)
1599,Referee,GOICOECHEA Roberto (ARG)
1637,Referee,MARQUES Armando (BRA)
1610,Referee,ADAIR John (NIR)
1577,Referee,KREITLEIN Rudolf (GER)
1660,Referee,FINNEY Jim (ENG)
1676,Referee,GARDEAZABAL Juan (ESP)
1702,Referee,ASHKENAZI Menachem (ISR)
1659,Referee,LO BELLO Concetto (ITA)
1635,Referee,SCHWINTE Pierre (FRA)
1709,Referee,DAGNALL Kenneth (ENG)
1633,Referee,DIENST Gottfried (SUI)
1902,Referee,TSCHENSCHER Kurt (GER)
1881,Referee,DAVIDSON Bob (SCO)
1780,Referee,SBARDELLA Antonio (ITA)
1812,Referee,LORAUX Vital (BEL)
1883,Referee,TAYLOR John (ENG)
1839,Referee,VAN RAVENS Laurens (NED)
1770,Referee,BARRETO RUIZ Ramon (URU)
1747,Referee,RADULESCU Andrei (ROU)
1884,Referee,GLOECKNER Rudolf (GDR)
1893,Referee,BAKHRAMOV Tofik (URS)
1919,Referee,DE LEO Diego (MEX)
1753,Referee,SCHEURER Ruedi (SUI)
1880,Referee,TAREKEGN Seyoum (ETH)
1774,Referee,ORTIZ DE MENDIBIL Jose Maria (ESP)
1764,Referee,KLEIN Abraham (ISR)
1820,Referee,KANDIL Aly Hussein (EGY)
1922,Referee,LANDAUER Henry (USA)
1840,Referee,AGUILAR ELIZALDE Abel (MEX)
1769,Referee,MARSCHALL Ferdinand (AUT)
1823,Referee,HORMAZABAL DIAZ Rafael (CHI)
1877,Referee,DE MORAES Ayrton Vieira (BRA)
1779,Referee,SALDANHA RIBEIRO Antonio (POR)
1813,Referee,MACHIN Roger (FRA)
1752,Referee,COEREZZA Norberto Angel (ARG)
1882,Referee,SCHEURER Ruedi (SUI)
1811,Referee,COEREZZA Norberto Angel (ARG)
1768,Referee,LORAUX Vital (BEL)
1925,Referee,VAN RAVENS Laurens (NED)
1771,Referee,ORTIZ DE MENDIBIL Jose Maria (ESP)
1838,Referee,YAMASAKI MALDONADO Arturo (MEX)
1843,Referee,SBARDELLA Antonio (ITA)
1765,Referee,GLOECKNER Rudolf (GDR)
1986,Referee,SCHEURER Ruedi (SUI)
2003,Referee,BABACAN Dogan (TUR)
1955,Referee,NDIAYE Youssou (SEN)
2176,Referee,SCHULENBURG Gerhard (GER)
2098,Referee,PALOTAI Karoly (HUN)
1995,Referee,PEREZ NUNEZ Edison A. (PER)
2083,Referee,LLOBREGAT Vicente (VEN)
1952,Referee,THOMAS Clive (WAL)
1954,Referee,KAMEL Mahmoud (EGY)
1985,Referee,VAN GEMERT Arie (NED)
2004,Referee,ANGONESE Aurelio (ITA)
2186,Referee,DELGADO Omar (COL)
2097,Referee,WINSEMANN Werner (CAN)
1996,Referee,TAYLOR John (ENG)
2085,Referee,SUPPIAH George (SIN)
1949,Referee,KAZAKOV Pavel (URS)
2175,Referee,GONZALEZ ARCHUNDIA Alfonso (MEX)
1953,Referee,NAMDAR Jafar (IRN)
1987,Referee,RAINEA Nicolae (ROU)
2062,Referee,BARRETO RUIZ Ramon (URU)
1990,Referee,BOSKOVIC Tony (AUS)
1947,Referee,SANCHEZ IBANEZ Pablo (ESP)
2181,Referee,LINEMAYR Erich (AUT)
2129,Referee,WEYLAND Hans Joachim (FRG)
2066,Referee,MARQUES Armando (BRA)
1982,Referee,THOMAS Clive (WAL)
1948,Referee,DAVIDSON Bob (SCO)
2167,Referee,BARRETO RUIZ Ramon (URU)
1945,Referee,LORAUX Vital (BEL)
2170,Referee,GLOECKNER Rudolf (GDR)
2067,Referee,SCHEURER Ruedi (SUI)
2065,Referee,KAZAKOV Pavel (URS)
2064,Referee,LINEMAYR Erich (AUT)
1983,Referee,TSCHENSCHER Kurt (GER)
1946,Referee,TAYLOR John (ENG)
2182,Referee,PESTARINO Luis (ARG)
1984,Referee,ANGONESE Aurelio (ITA)
2063,Referee,TAYLOR John (ENG)
2351,Referee,COEREZZA Norberto Angel (ARG)
2347,Referee,RAINEA Nicolae (ROU)
2433,Referee,GORDON John (SCO)
2199,Referee,GARRIDO Antonio (POR)
2253,Referee,THOMAS Clive (WAL)
2216,Referee,PALOTAI Karoly (HUN)
2451,Referee,ERIKSSON Ulf (SWE)
2388,Referee,GONZALEZ ARCHUNDIA Alfonso (MEX)
2396,Referee,BARRETO RUIZ Ramon (URU)
2454,Referee,MARTINEZ Angel (ESP)
2350,Referee,BOUZO Farouk (SYR)
2197,Referee,DUBACH Jean (SUI)
2246,Referee,GONELLA Sergio (ITA)
2224,Referee,CORVER Charles (NED)
2408,Referee,NDIAYE Youssou (SEN)
2394,Referee,PROKOP Adolf (GDR)
2344,Referee,COELHO Arnaldo (BRA)
2431,Referee,NAMDAR Jafar (IRN)
2352,Referee,OROZCO GUERRERO Cesar (PER)
2200,Referee,KLEIN Abraham (ISR)
2215,Referee,WURTZ Robert (FRA)
2337,Referee,BIWERSI Ferdinand (GER)
2405,Referee,JARGUZ Alojzy (POL)
2395,Referee,LINEMAYR Erich (AUT)
2349,Referee,MAKSIMOVIC Dusan (SCG)
2220,Referee,GORDON John (SCO)
2251,Referee,RAINEA Nicolae (ROU)
2202,Referee,ERIKSSON Ulf (SWE)
2450,Referee,PARTRIDGE Pat (ENG)
2221,Referee,RION Francis (BEL)
2348,Referee,BARRETO RUIZ Ramon (URU)
2196,Referee,PALOTAI Karoly (HUN)
2391,Referee,MARTINEZ Angel (ESP)
2217,Referee,KLEIN Abraham (ISR)
2252,Referee,SILVAGNO CAVANNA Juan (CHI)
2201,Referee,WURTZ Robert (FRA)
2247,Referee,KLEIN Abraham (ISR)
2198,Referee,GONELLA Sergio (ITA)
749,Referee,CHRISTOV Vojtech (TCH)
995,Referee,VAUTROT Michel (FRA)
791,Referee,LAMO CASTILLO Augusto (ESP)
833,Referee,WOEHRER Franz (AUT)
896,Referee,AL DOY Ebrahim (BHR)
1051,Referee,SOCHA David (USA)
741,Referee,LABO REVOREDO Enrique (PER)
878,Referee,GARRIDO Antonio (POR)
901,Referee,ITHURRALDE Arturo Andres (ARG)
764,Referee,CARDELLINO DE SAN VICENTE Juan (URU)
1012,Referee,DWOMOH Benjamin (GHA)
1044,Referee,FREDRIKSSON Erik (SWE)
994,Referee,ESCHWEILER Walter (GER)
752,Referee,LACARNE Belaid (ALG)
790,Referee,SILES Jesus Paulino (CRC)
834,Referee,PONNET Alexis (BEL)
774,Referee,MOFFATT Malcolm (NIR)
1054,Referee,EL GHOUL Yusef Mohamed (LBY)
813,Referee,GALLER Bruno (SUI)
889,Referee,CORVER Charles (NED)
903,Referee,LUND-SORENSEN Henning (DEN)
739,Referee,BOSKOVIC Tony (AUS)
919,Referee,STUPAR Miroslav (URS)
959,Referee,CHAN Thomson Tam Sun (HKG)
1055,Referee,RUBIO VAZQUEZ Mario (MEX)
779,Referee,WHITE Clive (ENG)
1071,Referee,RAINEA Nicolae (ROU)
828,Referee,DOTCHEV Bogdan (BUL)
751,Referee,BARRANCOS Luis (BOL)
789,Referee,MATOVINOVIC Damir (CRO)
740,Referee,MENDEZ MOLINA Romulo (GUA)
922,Referee,CASARIN Paolo (ITA)
962,Referee,CASTRO Gaston (CHI)
770,Referee,VALENTINE Robert (SCO)
882,Referee,ARISTIZABAL MURCIA Gilberto (COL)
902,Referee,ORTIZ Hector (PAR)
767,Referee,PALOTAI Karoly (HUN)
782,Referee,SILES Jesus Paulino (CRC)
753,Referee,RAINEA Nicolae (ROU)
879,Referee,COELHO Arnaldo (BRA)
771,Referee,PROKOP Adolf (GDR)
783,Referee,VAUTROT Michel (FRA)
750,Referee,RUBIO VAZQUEZ Mario (MEX)
900,Referee,CASARIN Paolo (ITA)
920,Referee,JARGUZ Alojzy (POL)
1058,Referee,VALENTINE Robert (SCO)
788,Referee,KLEIN Abraham (ISR)
877,Referee,PONNET Alexis (BEL)
996,Referee,CARDELLINO DE SAN VICENTE Juan (URU)
914,Referee,CORVER Charles (NED)
921,Referee,GARRIDO Antonio (POR)
923,Referee,COELHO Arnaldo (BRA)
459,Referee,FREDRIKSSON Erik (SWE)
468,Referee,SILVA ARCE Hernan (CHI)
439,Referee,BAMBRIDGE Christopher (AUS)
610,Referee,AGNOLIN Luigi (ITA)
395,Referee,SANCHEZ ARMINIO Victoriano (ESP)
674,Referee,MARTINEZ BAZAN Jose Luis (URU)
379,Referee,BUTENKO Valeri (RUS)
428,Referee,ESPOSITO Carlos (ARG)
538,Referee,ROTH Volker (GER)
628,Referee,PICON-ACKONG Edwin (MRI)
517,Referee,NEMETH Lajos (HUN)
585,Referee,CHRISTOV Vojtech (TCH)
394,Referee,KEIZER Jan (NED)
571,Referee,ARPPI FILHO Romualdo (BRA)
460,Referee,AL SHANAR Fallaj Khuzam (KSA)
475,Referee,AL SHARIF Jamal (SYR)
377,Referee,MENDEZ MOLINA Romulo (GUA)
533,Referee,GONZALEZ ROA Gabriel (PAR)
551,Referee,BRUMMEIER Horst (AUT)
680,Referee,COURTNEY George (ENG)
701,Referee,BENNACEUR Ali (TUN)
427,Referee,DIAZ PALACIO Jesus (COL)
522,Referee,MARQUEZ RAMIREZ Antonio (MEX)
580,Referee,IGNA Ioan (ROU)
567,Referee,SILVA VALENTE Carlos Alberto (POR)
476,Referee,TRAORE Idrissa (MLI)
643,Referee,SOCHA David (USA)
389,Referee,ULLOA MORERA Berny (CRC)
429,Referee,DOTCHEV Bogdan (BUL)
627,Referee,PETROVIC Zoran (SRB)
675,Referee,SNODDY Alan (NIR)
537,Referee,DAINA Andre (SUI)
441,Referee,KIRSCHEN Siegfried (GER)
378,Referee,TAKADA Shizuo (JPN)
712,Referee,QUINIOU Joel (FRA)
512,Referee,PONNET Alexis (BEL)
432,Referee,FREDRIKSSON Erik (SWE)
463,Referee,ARPPI FILHO Romualdo (BRA)
398,Referee,AGNOLIN Luigi (ITA)
444,Referee,ROTH Volker (GER)
568,Referee,ESPOSITO Carlos (ARG)
574,Referee,PETROVIC Zoran (SRB)
536,Referee,AL SHARIF Jamal (SYR)
511,Referee,KEIZER Jan (NED)
440,Referee,IGNA Ioan (ROU)
575,Referee,DIAZ PALACIO Jesus (COL)
421,Referee,KIRSCHEN Siegfried (GER)
392,Referee,BENNACEUR Ali (TUN)
564,Referee,AGNOLIN Luigi (ITA)
388,Referee,MARQUEZ RAMIREZ Antonio (MEX)
422,Referee,COURTNEY George (ENG)
393,Referee,ARPPI FILHO Romualdo (BRA)
26,Referee,VAUTROT Michel (FRA)
342,Referee,CARDELLINO DE SAN VICENTE Juan (URU)
119,Referee,COURTNEY George (ENG)
42,Referee,RAMIZ WRIGHT Jose (BRA)
355,Referee,ROETHLISBERGER Kurt (SUI)
75,Referee,LANESE Tullio (ITA)
201,Referee,MIKKELSEN Peter (DEN)
127,Referee,LOUSTAU Juan (ARG)
161,Referee,SCHMIDHUBER Aron (GER)
57,Referee,MAURO Vincent (USA)
151,Referee,SORIANO ALADREN Emilio (ESP)
180,Referee,KOHL Helmut (AUT)
30,Referee,FREDRIKSSON Erik (SWE)
108,Referee,SILVA ARCE Hernan (CHI)
120,Referee,AGNOLIN Luigi (ITA)
265,Referee,CODESAL MENDEZ Edgardo (MEX)
43,Referee,SMITH George (SCO)
198,Referee,SPIRIN Alexey (RUS)
73,Referee,JOUINI Neji (TUN)
348,Referee,MACIEL Carlos (PAR)
160,Referee,PETROVIC Zoran (SRB)
152,Referee,VAN LANGENHOVE Marcel (BEL)
175,Referee,JACOME GUERRERO Elias V. (ECU)
66,Referee,KIRSCHEN Siegfried (GER)
29,Referee,SILVA VALENTE Carlos Alberto (POR)
111,Referee,RAMIZ WRIGHT Jose (BRA)
114,Referee,SNODDY Alan (NIR)
364,Referee,TAKADA Shizuo (JPN)
263,Referee,QUINIOU Joel (FRA)
48,Referee,AL SHARIF Jamal (SYR)
74,Referee,KOHL Helmut (AUT)
128,Referee,PETROVIC Zoran (SRB)
290,Referee,LANESE Tullio (ITA)
56,Referee,LOUSTAU Juan (ARG)
228,Referee,VAUTROT Michel (FRA)
150,Referee,ROETHLISBERGER Kurt (SUI)
102,Referee,LANESE Tullio (ITA)
129,Referee,KIRSCHEN Siegfried (GER)
25,Referee,QUINIOU Joel (FRA)
196,Referee,LOUSTAU Juan (ARG)
248,Referee,RAMIZ WRIGHT Jose (BRA)
264,Referee,COURTNEY George (ENG)
181,Referee,SCHMIDHUBER Aron (GER)
55,Referee,MIKKELSEN Peter (DEN)
31,Referee,ROETHLISBERGER Kurt (SUI)
243,Referee,SILVA VALENTE Carlos Alberto (POR)
197,Referee,KOHL Helmut (AUT)
103,Referee,CODESAL MENDEZ Edgardo (MEX)
28,Referee,VAUTROT Michel (FRA)
159,Referee,RAMIZ WRIGHT Jose (BRA)
162,Referee,QUINIOU Joel (FRA)
27,Referee,CODESAL MENDEZ Edgardo (MEX)
3050,Referee,MIKKELSEN Peter (DEN)
3049,Referee,BRIZIO CARTER Arturo (MEX)
3051,Referee,LAMOLINA Francisco Oscar (ARG)
3052,Referee,VAN DER ENDE Mario (NED)
3053,Referee,AL SHARIF Jamal (SYR)
3054,Referee,TORRES CADENA Jose Joaquin (COL)
3055,Referee,PUHL Sandor (HUN)
3056,Referee,TEJADA NORIEGA Alberto (PER)
3058,Referee,DIAZ VEGA Manuel (ESP)
3057,Referee,LIM KEE CHONG An Yan (MRI)
3059,Referee,ANGELES Arturo (USA)
3061,Referee,BADILLA Rodrigo (CRC)
3060,Referee,FILIPPI Ernesto (URU)
3062,Referee,JOUINI Neji (TUN)
3063,Referee,BALDAS Fabio (ITA)
3064,Referee,KRUG Hellmut (GER)
3065,Referee,MOTTRAM Leslie (SCO)
3066,Referee,ROETHLISBERGER Kurt (SUI)
3068,Referee,QUINIOU Joel (FRA)
3067,Referee,BRIZIO CARTER Arturo (MEX)
3069,Referee,MARSIGLIA Renato (BRA)
3070,Referee,DON Philip (ENG)
3071,Referee,KARLSSON Bo (SWE)
3072,Referee,BUJSAIM Ali (UAE)
3073,Referee,VAN DER ENDE Mario (NED)
3074,Referee,MIKKELSEN Peter (DEN)
3076,Referee,QUINIOU Joel (FRA)
3075,Referee,BADILLA Rodrigo (CRC)
3077,Referee,TORRES CADENA Jose Joaquin (COL)
3080,Referee,PUHL Sandor (HUN)
3078,Referee,LAMOLINA Francisco Oscar (ARG)
3079,Referee,AL SHARIF Jamal (SYR)
3081,Referee,TEJADA NORIEGA Alberto (PER)
3082,Referee,KRUG Hellmut (GER)
3083,Referee,MOTTRAM Leslie (SCO)
3084,Referee,JOUINI Neji (TUN)
3085,Referee,ROETHLISBERGER Kurt (SUI)
3086,Referee,VAN DER ENDE Mario (NED)
3087,Referee,MARSIGLIA Renato (BRA)
3088,Referee,PAIRETTO Pierluigi (ITA)
3089,Referee,MIKKELSEN Peter (DEN)
3090,Referee,QUINIOU Joel (FRA)
3091,Referee,BRIZIO CARTER Arturo (MEX)
3092,Referee,AL SHARIF Jamal (SYR)
3097,Referee,PUHL Sandor (HUN)
3098,Referee,BADILLA Rodrigo (CRC)
3096,Referee,TORRES CADENA Jose Joaquin (COL)
3095,Referee,DON Philip (ENG)
3100,Referee,QUINIOU Joel (FRA)
3099,Referee,TORRES CADENA Jose Joaquin (COL)
3103,Referee,BUJSAIM Ali (UAE)
3104,Referee,PUHL Sandor (HUN)
4000,Referee,GARCIA ARANDA Jose Maria (ESP)
8725,Referee,ANPRASERT Pirom (THA)
8726,Referee,BOUCHARDEAU Lucien (NIG)
8727,Referee,GONZALEZ CHAVEZ Epifanio (PAR)
8728,Referee,ALZEID Abdulrahman (KSA)
8729,Referee,CASTRILLI Javier (ARG)
8730,Referee,REZENDE Marcio (BRA)
8731,Referee,BAHARMAST Esse (USA)
8732,Referee,BENKO Gunter (AUT)
8733,Referee,COLLINA Pierluigi (ITA)
8734,Referee,VAN DER ENDE Mario (NED)
8735,Referee,TEJADA NORIEGA Alberto (PER)
8736,Referee,MELO PEREIRA Vitor (POR)
8740,Referee,OKADA Masayoshi (JPN)
8739,Referee,LIM KEE CHONG An Yan (MRI)
8738,Referee,BELQOLA Said (MAR)
8741,Referee,VAGNER Laszlo (HUN)
8742,Referee,LEVNIKOV Nikolai (RUS)
8743,Referee,EL GHANDOUR Gamal (EGY)
8744,Referee,LENNIE Edward (AUS)
8746,Referee,TORO RENDON John (COL)
8745,Referee,BRIZIO CARTER Arturo (MEX)
8747,Referee,SANCHEZ YANTEN Mario (CHI)
8748,Referee,McLEOD Ian (RSA)
8751,Referee,RAMDHAN Ramesh (TRI)
8750,Referee,DALLAS Hugh (SCO)
8749,Referee,WOJCIK Ryszard (POL)
8753,Referee,NIELSEN Kim Milton (DEN)
8752,Referee,PEDERSEN Rune (NOR)
8754,Referee,MEIER Urs (SUI)
8755,Referee,HEYNEMANN Bernd (GER)
8756,Referee,BATTA Marc (FRA)
8757,Referee,DURKIN Paul (ENG)
8760,Referee,VAGNER Laszlo (HUN)
8758,Referee,BUJSAIM Ali (UAE)
8759,Referee,BAHARMAST Esse (USA)
8762,Referee,COLLINA Pierluigi (ITA)
8764,Referee,SANCHEZ YANTEN Mario (CHI)
8761,Referee,VAN DER ENDE Mario (NED)
8763,Referee,ANPRASERT Pirom (THA)
8765,Referee,REZENDE Marcio (BRA)
8766,Referee,ALZEID Abdulrahman (KSA)
8767,Referee,GONZALEZ CHAVEZ Epifanio (PAR)
8768,Referee,EL GHANDOUR Gamal (EGY)
8771,Referee,BENKO Gunter (AUT)
8772,Referee,BELQOLA Said (MAR)
8769,Referee,LENNIE Edward (AUS)
8770,Referee,BRIZIO CARTER Arturo (MEX)
8774,Referee,HEYNEMANN Bernd (GER)
8773,Referee,BATTA Marc (FRA)
8776,Referee,BUJSAIM Ali (UAE)
8775,Referee,MEIER Urs (SUI)
8777,Referee,MELO PEREIRA Vitor (POR)
8778,Referee,GARCIA ARANDA Jose Maria (ESP)
8780,Referee,CASTRILLI Javier (ARG)
8779,Referee,NIELSEN Kim Milton (DEN)
8781,Referee,DALLAS Hugh (SCO)
8782,Referee,EL GHANDOUR Gamal (EGY)
8784,Referee,BRIZIO CARTER Arturo (MEX)
8783,Referee,PEDERSEN Rune (NOR)
8785,Referee,BUJSAIM Ali (UAE)
8786,Referee,GARCIA ARANDA Jose Maria (ESP)
8787,Referee,GONZALEZ CHAVEZ Epifanio (PAR)
8788,Referee,BELQOLA Said (MAR)
43950001,Referee,BUJSAIM Ali (UAE)
43950003,Referee,MANE Saad (KUW)
43950002,Referee,KAMIKAWA Toru (JPN)
43950004,Referee,AQUINO Ubaldo (PAR)
43950007,Referee,VEISSIERE Gilles (FRA)
43950006,Referee,MICHEL Lubos (SVK)
43950005,Referee,SIMON Carlos (BRA)
43950008,Referee,GUEZZAZ Mohammed (MAR)
43950010,Referee,KIM Young Joo (KOR)
43950011,Referee,HALL Brian (USA)
43950009,Referee,JUN Lu (CHN)
43950012,Referee,VASSARAS Kyros (GRE)
43950013,Referee,MATTUS William (CRC)
43950014,Referee,RUIZ Oscar (COL)
43950015,Referee,PRENDERGAST Peter (JAM)
43950016,Referee,MORENO Byron (ECU)
43950017,Referee,NIELSEN Kim Milton (DEN)
43950020,Referee,BATRES Carlos (GUA)
43950019,Referee,HAUGE Terje (NOR)
43950018,Referee,RAMOS RIZO Felipe (MEX)
43950021,Referee,ORTUBE Rene (BOL)
43950023,Referee,COLLINA Pierluigi (ITA)
43950022,Referee,EL GHANDOUR Gamal (EGY)
43950024,Referee,SANCHEZ Angel (ARG)
43950026,Referee,FRISK Anders (SWE)
43950025,Referee,POLL Graham (ENG)
43950028,Referee,CODJIA Coffi (BEN)
43950029,Referee,MERK Markus (GER)
43950027,Referee,DAAMI Mourad (TUN)
43950030,Referee,MEIER Urs (SUI)
43950032,Referee,DALLAS Hugh (SCO)
43950031,Referee,SHIELD Mark (AUS)
43950033,Referee,MELO PEREIRA Vitor (POR)
43950034,Referee,WEGEREEF Jan (NED)
43950036,Referee,NDOYE Falla (SEN)
43950035,Referee,LOPEZ NIETO Antonio (ESP)
43950037,Referee,BUJSAIM Ali (UAE)
43950038,Referee,HALL Brian (USA)
43950040,Referee,RAMOS RIZO Felipe (MEX)
43950039,Referee,MANE Saad (KUW)
43950041,Referee,EL GHANDOUR Gamal (EGY)
43950042,Referee,RUIZ Oscar (COL)
43950044,Referee,MATTUS William (CRC)
43950043,Referee,SIMON Carlos (BRA)
43950045,Referee,VEISSIERE Gilles (FRA)
43950047,Referee,SANCHEZ Angel (ARG)
43950048,Referee,LU Jun (CHN)
43950046,Referee,NIELSEN Kim Milton (DEN)
43950050,Referee,MERK Markus (GER)
43950049,Referee,BATRES Carlos (GUA)
43950052,Referee,FRISK Anders (SWE)
43950051,Referee,AQUINO Ubaldo (PAR)
43950054,Referee,PRENDERGAST Peter (JAM)
43950053,Referee,MELO PEREIRA Vitor (POR)
43950055,Referee,COLLINA Pierluigi (ITA)
43950056,Referee,MORENO Byron (ECU)
43950057,Referee,RAMOS RIZO Felipe (MEX)
43950058,Referee,DALLAS Hugh (SCO)
43950060,Referee,RUIZ Oscar (COL)
43950059,Referee,EL GHANDOUR Gamal (EGY)
43950061,Referee,MEIER Urs (SUI)
43950062,Referee,NIELSEN Kim Milton (DEN)
43950063,Referee,MANE Saad (KUW)
43950064,Referee,COLLINA Pierluigi (ITA)
97410001,Referee,ELIZONDO Horacio (ARG)
97410002,Referee,KAMIKAWA Toru (JPN)
97410003,Referee,RODRIGUEZ Marco (MEX)
97410004,Referee,MAIDIN Shamsul (SIN)
97410005,Referee,DE BLEECKERE Frank (BEL)
97410006,Referee,MERK Markus (GER)
97410007,Referee,ROSETTI Roberto (ITA)
97410008,Referee,LARRIONDA Jorge (URU)
97410012,Referee,ABD EL FATAH Essam (EGY)
97410010,Referee,AMARILLA Carlos (PAR)
97410009,Referee,SIMON Carlos (BRA)
97410014,Referee,POLL Graham (ENG)
97410013,Referee,IVANOV Valentin (RUS)
97410011,Referee,ARCHUNDIA Benito (MEX)
97410015,Referee,BUSACCA Massimo (SUI)
97410016,Referee,SHIELD Mark (AUS)
97410017,Referee,MEDINA CANTALEJO Luis (ESP)
97410018,Referee,CODJIA Coffi (BEN)
97410019,Referee,KAMIKAWA Toru (JPN)
97410020,Referee,MICHEL Lubos (SVK)
97410021,Referee,ROSETTI Roberto (ITA)
97410022,Referee,RUIZ Oscar (COL)
97410023,Referee,MAIDIN Shamsul (SIN)
97410024,Referee,POULAT Eric (FRA)
97410026,Referee,ELIZONDO Horacio (ARG)
97410025,Referee,LARRIONDA Jorge (URU)
97410028,Referee,DE BLEECKERE Frank (BEL)
97410027,Referee,MERK Markus (GER)
97410029,Referee,ARCHUNDIA Benito (MEX)
97410030,Referee,AMARILLA Carlos (PAR)
97410032,Referee,POLL Graham (ENG)
97410031,Referee,SIMON Carlos (BRA)
97410033,Referee,IVANOV Valentin (RUS)
97410034,Referee,MAIDIN Shamsul (SIN)
97410035,Referee,BUSACCA Massimo (SUI)
97410036,Referee,ROSETTI Roberto (ITA)
97410040,Referee,SHIELD Mark (AUS)
97410039,Referee,MICHEL Lubos (SVK)
97410037,Referee,MEDINA CANTALEJO Luis (ESP)
97410038,Referee,RODRIGUEZ Marco (MEX)
97410041,Referee,ARCHUNDIA Benito (MEX)
97410042,Referee,MERK Markus (GER)
97410043,Referee,POULAT Eric (FRA)
97410044,Referee,POLL Graham (ENG)
97410048,Referee,AMARILLA Carlos (PAR)
97410047,Referee,CODJIA Coffi (BEN)
97410045,Referee,LARRIONDA Jorge (URU)
97410046,Referee,ELIZONDO Horacio (ARG)
97410049,Referee,SIMON Carlos (BRA)
97410050,Referee,BUSACCA Massimo (SUI)
97410051,Referee,DE BLEECKERE Frank (BEL)
97410052,Referee,IVANOV Valentin (RUS)
97410053,Referee,MEDINA CANTALEJO Luis (ESP)
97410054,Referee,ARCHUNDIA Benito (MEX)
97410055,Referee,MICHEL Lubos (SVK)
97410056,Referee,ROSETTI Roberto (ITA)
97410057,Referee,MICHEL Lubos (SVK)
97410058,Referee,DE BLEECKERE Frank (BEL)
97410059,Referee,ELIZONDO Horacio (ARG)
97410060,Referee,MEDINA CANTALEJO Luis (ESP)
97410061,Referee,ARCHUNDIA Benito (MEX)
97410062,Referee,LARRIONDA Jorge (URU)
97410063,Referee,KAMIKAWA Toru (JPN)
97410064,Referee,ELIZONDO Horacio (ARG)
300061454,Referee,Ravshan IRMATOV (UZB)
300061453,Referee,NISHIMURA Yuichi (JPN)
300061459,Referee,HESTER Michael (NZL)
300061460,Referee,Wolfgang STARK (GER)
300061466,Referee,SIMON Carlos (BRA)
300061465,Referee,BATRES Carlos (GUA)
300061471,Referee,BALDASSI Hector (ARG)
300111116,Referee,RODRIGUEZ Marco (MEX)
300061478,Referee,St�phane LANNOY (FRA)
300061477,Referee,Oleg�rio BENQUEREN�A (POR)
300061484,Referee,ARCHUNDIA Benito (MEX)
300061483,Referee,DAMON Jerome (RSA)
300061489,Referee,LARRIONDA Jorge (URU)
300061490,Referee,KASSAI Viktor (HUN)
300061495,Referee,MAILLET Eddy (SEY)
300111112,Referee,WEBB Howard (ENG)
300061452,Referee,BUSACCA Massimo (SUI)
300061458,Referee,DE BLEECKERE Frank (BEL)
300061457,Referee,RUIZ Oscar (COL)
300061451,Referee,AL GHAMDI Khalil (KSA)
300061470,Referee,Alberto UNDIANO MALLENCO (ESP)
300061463,Referee,Koman COULIBALY (MLI)
300061464,Referee,Ravshan IRMATOV (UZB)
300111117,Referee,BALDASSI Hector (ARG)
300061469,Referee,ROSETTI Roberto (ITA)
300061475,Referee,LARRIONDA Jorge (URU)
300061481,Referee,MAILLET Eddy (SEY)
300061482,Referee,BATRES Carlos (GUA)
300061488,Referee,St�phane LANNOY (FRA)
300061487,Referee,POZO Pablo (CHI)
300061493,Referee,AL GHAMDI Khalil (KSA)
300061494,Referee,NISHIMURA Yuichi (JPN)
300061450,Referee,KASSAI Viktor (HUN)
300061449,Referee,RUIZ Oscar (COL)
300111115,Referee,Oleg�rio BENQUEREN�A (POR)
300061455,Referee,Ravshan IRMATOV (UZB)
300061462,Referee,Wolfgang STARK (GER)
300061461,Referee,DE BLEECKERE Frank (BEL)
300061468,Referee,SIMON Carlos (BRA)
300061467,Referee,LARRIONDA Jorge (URU)
300061480,Referee,WEBB Howard (ENG)
300061479,Referee,NISHIMURA Yuichi (JPN)
300061474,Referee,DAMON Jerome (RSA)
300061473,Referee,POZO Pablo (CHI)
300111111,Referee,ARCHUNDIA Benito (MEX)
300061486,Referee,Alberto UNDIANO MALLENCO (ESP)
300061491,Referee,RODRIGUEZ Marco (MEX)
300061492,Referee,BALDASSI Hector (ARG)
300061504,Referee,Wolfgang STARK (GER)
300061503,Referee,KASSAI Viktor (HUN)
300061501,Referee,LARRIONDA Jorge (URU)
300061502,Referee,ROSETTI Roberto (ITA)
300111113,Referee,Alberto UNDIANO MALLENCO (ESP)
300061500,Referee,WEBB Howard (ENG)
300061497,Referee,DE BLEECKERE Frank (BEL)
300061498,Referee,BALDASSI Hector (ARG)
300061507,Referee,NISHIMURA Yuichi (JPN)
300061508,Referee,Oleg�rio BENQUEREN�A (POR)
300061505,Referee,Ravshan IRMATOV (UZB)
300061506,Referee,BATRES Carlos (GUA)
300061512,Referee,Ravshan IRMATOV (UZB)
300111114,Referee,KASSAI Viktor (HUN)
300061510,Referee,ARCHUNDIA Benito (MEX)
300061509,Referee,WEBB Howard (ENG)
300186456,Referee,NISHIMURA Yuichi (JPN)
300186492,Referee,ROLDAN Wilmar (COL)
300186510,Referee,Nicola RIZZOLI (ITA)
300186473,Referee,Noumandiez DOUE (CIV)
300186471,Referee,GEIGER Mark (USA)
300186489,Referee,BRYCH Felix (GER)
300186513,Referee,Bj�rn KUIPERS (NED)
300186507,Referee,OSSES Enrique (CHI)
300186494,Referee,Ravshan IRMATOV (UZB)
300186496,Referee,RICCI Sandro (BRA)
300186477,Referee,AGUILAR Joel (SLV)
300186475,Referee,MAZIC Milorad (SRB)
300186505,Referee,VERA Carlos (ECU)
300186512,Referee,ERIKSSON Jonas (SWE)
300186479,Referee,RODRIGUEZ Marco (MEX)
300186509,Referee,C�neyt �AKIR (TUR)
300186499,Referee,PITANA Nestor (ARG)
300186478,Referee,HAIMOUDI Djamel (ALG)
300186498,Referee,GEIGER Mark (USA)
300186453,Referee,PROENCA Pedro (POR)
300186468,Referee,WEBB Howard (ENG)
300186486,Referee,Carlos VELASCO CARBALLO (ESP)
300186454,Referee,AGUILAR Joel (SLV)
300186500,Referee,OSSES Enrique (CHI)
300186514,Referee,Bj�rn KUIPERS (NED)
300186463,Referee,Ben WILLIAMS (AUS)
300186466,Referee,MAZIC Milorad (SRB)
300186493,Referee,RICCI Sandro (BRA)
300186511,Referee,Peter O'LEARY (NZL)
300186481,Referee,BRYCH Felix (GER)
300186495,Referee,ROLDAN Wilmar (COL)
300186483,Referee,PITANA Nestor (ARG)
300186467,Referee,SHUKRALLA Nawaf (BHR)
300186470,Referee,Bakary GASSAMA (GAM)
300186472,Referee,ERIKSSON Jonas (SWE)
300186452,Referee,Ravshan IRMATOV (UZB)
300186465,Referee,RODRIGUEZ Marco (MEX)
300186484,Referee,HAIMOUDI Djamel (ALG)
300186457,Referee,PROENCA Pedro (POR)
300186455,Referee,VERA Carlos (ECU)
300186458,Referee,Nicola RIZZOLI (ITA)
300186464,Referee,Carlos VELASCO CARBALLO (ESP)
300186482,Referee,PITANA Nestor (ARG)
300186515,Referee,Noumandiez DOUE (CIV)
300186469,Referee,Ravshan IRMATOV (UZB)
300186476,Referee,SHUKRALLA Nawaf (BHR)
300186480,Referee,Ben WILLIAMS (AUS)
300186506,Referee,C�neyt �AKIR (TUR)
300186487,Referee,WEBB Howard (ENG)
300186491,Referee,Bj�rn KUIPERS (NED)
300186462,Referee,GEIGER Mark (USA)
300186460,Referee,RICCI Sandro (BRA)
300186461,Referee,Carlos VELASCO CARBALLO (ESP)
300186485,Referee,PITANA Nestor (ARG)
300186474,Referee,RODRIGUEZ Marco (MEX)
300186502,Referee,HAIMOUDI Djamel (ALG)
300186501,Referee,Nicola RIZZOLI (ITA)
300186490,Referee,C�neyt �AKIR (TUR)
300186488,Referee,Ravshan IRMATOV (UZB)
300186504,Referee,Nicola RIZZOLI (ITA)
300186508,Referee,PROENCA Pedro (POR)
300186459,Referee,Ben WILLIAMS (AUS)
300186503,Referee,ERIKSSON Jonas (SWE)
300186497,Referee,HAIMOUDI Djamel (ALG)
1096,Assistant 1,CRISTOPHE Henry (BEL)
1090,Assistant 1,MATEUCCI Francisco (URU)
1093,Assistant 1,VALLARINO Ricardo (URU)
1098,Assistant 1,LANGENUS Jean (BEL)
1085,Assistant 1,SAUCEDO Ulises (BOL)
1095,Assistant 1,APHESTEGUY Martin (URU)
1092,Assistant 1,LOMBARDI Domingo (URU)
1097,Assistant 1,APHESTEGUY Martin (URU)
1099,Assistant 1,BALWAY Thomas (FRA)
1094,Assistant 1,LOMBARDI Domingo (URU)
1086,Assistant 1,ALONSO Gualberto (URU)
1091,Assistant 1,MATEUCCI Francisco (URU)
1089,Assistant 1,MACIAS Jose (ARG)
1100,Assistant 1,WARNKEN Alberto (CHI)
1084,Assistant 1,CRISTOPHE Henry (BEL)
1088,Assistant 1,VALLEJO Gaspar (MEX)
1101,Assistant 1,SAUCEDO Ulises (BOL)
1087,Assistant 1,SAUCEDO Ulises (BOL)
1104,Assistant 1,CAIRONI Camillo (ITA)
1119,Assistant 1,DATTILO Generoso (ITA)
1133,Assistant 1,BERANEK Alois (AUT)
1102,Assistant 1,CARRARO Albino (ITA)
1108,Assistant 1,MELANDRI Ermenegildo (ITA)
1111,Assistant 1,CARMINATI Ettore (ITA)
1135,Assistant 1,ESCARTIN Pedro (ESP)
1141,Assistant 1,SCARPI Giuseppe (ITA)
1143,Assistant 1,MOHAMED Youssuf (EGY)
1129,Assistant 1,MERCET Rene (SUI)
1122,Assistant 1,ZENISEK Bohumil (TCH)
1106,Assistant 1,ESCARTIN Pedro (ESP)
1123,Assistant 1,IVANCSICS Mihaly (HUN)
1107,Assistant 1,BAERT Louis (BEL)
1130,Assistant 1,BERANEK Alois (AUT)
1105,Assistant 1,CAIRONI Camillo (ITA)
1134,Assistant 1,BAERT Louis (BEL)
1165,Assistant 1,MARENCO Paul (FRA)
1173,Assistant 1,DE LA SALLE Charles (FRA)
1146,Assistant 1,KRIST Gustav (TCH)
1156,Assistant 1,VALPREDE Ferdinand (FRA)
1179,Assistant 1,BOUTOURE D. (FRA)
1150,Assistant 1,POISSANT Louis (FRA)
1172,Assistant 1,OLIVE D. (FRA)
1157,Assistant 1,CAPDEVILLE Pierre (FRA)
1166,Assistant 1,BAERT Louis (BEL)
1152,Assistant 1,SCARPI Giuseppe (ITA)
1175,Assistant 1,BERANEK Alois (AUT)
1158,Assistant 1,WEINGARTNER Karl (AUT)
1164,Assistant 1,WUETHRICH Hans (SUI)
1153,Assistant 1,MARENCO Paul (FRA)
1176,Assistant 1,VAN MOORSEL Johannes (NED)
1149,Assistant 1,BERANEK Alois (AUT)
1151,Assistant 1,OLIVE D. (FRA)
1174,Assistant 1,WUETHRICH Hans (SUI)
1187,Assistant 1,GRIFFITHS Benjamin (WAL)
1192,Assistant 1,GARDELLI Mario (BRA)
1208,Assistant 1,DA COSTA VIEIRA Jose (POR)
1219,Assistant 1,BERANEK Alois (AUT)
1230,Assistant 1,EKLIND Ivan (SWE)
1188,Assistant 1,BUSTAMANTE Sergio (CHI)
1225,Assistant 1,DAHLNER Gunnar (SWE)
1193,Assistant 1,MARINO Esteban (URU)
1228,Assistant 1,LEMESIC Leo (YUG)
1202,Assistant 1,DE LA SALLE Charles (FRA)
1191,Assistant 1,BERANEK Alois (AUT)
1199,Assistant 1,LUTZ Jean (SUI)
1218,Assistant 1,GARCIA Prudencio (USA)
1185,Assistant 1,VIANA Mario (BRA)
1222,Assistant 1,DAHLNER Gunnar (SWE)
1194,Assistant 1,HEYEN Mario Ruben (PAR)
1207,Assistant 1,DATTILO Generoso (ITA)
1189,Assistant 1,GARCIA Prudencio (USA)
1186,Assistant 1,MITCHELL George (SCO)
1231,Assistant 1,BERANEK Alois (AUT)
1206,Assistant 1,LUTZ Jean (SUI)
1190,Assistant 1,ELLIS Arthur (ENG)
1315,Assistant 1,LING William (ENG)
1236,Assistant 1,VIANA Mario (BRA)
1249,Assistant 1,SCHONHOLZER Ernest (SUI)
1276,Assistant 1,BAUMBERGER Rene (SUI)
1283,Assistant 1,ZSOLT Istvan (HUN)
1294,Assistant 1,VON GUNTER Albert (SUI)
1240,Assistant 1,BUCHMUELLER Fritz (SUI)
1300,Assistant 1,ASENSI Manuel (ESP)
1313,Assistant 1,WYSSLING Paul (SUI)
1238,Assistant 1,DOERFLINGER Ernst (SUI)
1275,Assistant 1,FRANKEN Laurent (BEL)
1252,Assistant 1,ELLIS Arthur (ENG)
1277,Assistant 1,SCHICKER Werner (SUI)
1304,Assistant 1,ORLANDINI Vincenzo (ITA)
1263,Assistant 1,DA COSTA VIEIRA Jose (POR)
1243,Assistant 1,VINCENTI Raymond (FRA)
1284,Assistant 1,FAULTLESS Charlie (SCO)
1301,Assistant 1,DA COSTA VIEIRA Jose (POR)
1264,Assistant 1,STEFANOVIC Vasa (YUG)
1237,Assistant 1,ASENSI Manuel (ESP)
1285,Assistant 1,FRANKEN Laurent (BEL)
1248,Assistant 1,LING William (ENG)
1233,Assistant 1,ELLIS Arthur (ENG)
1295,Assistant 1,FAULTLESS Charlie (SCO)
1239,Assistant 1,ZSOLT Istvan (HUN)
1278,Assistant 1,ORLANDINI Vincenzo (ITA)
1415,Assistant 1,MOWAT Jack (SCO)
1372,Assistant 1,NILSEN Birger (NOR)
1323,Assistant 1,HELGE Leo (DEN)
1407,Assistant 1,LEMESIC Leo (YUG)
1386,Assistant 1,GRIFFITHS Benjamin (WAL)
1434,Assistant 1,ORLANDINI Vincenzo (ITA)
1326,Assistant 1,DUSCH Albert (GER)
1421,Assistant 1,ELLIS Arthur (ENG)
1339,Assistant 1,LOEOEW Bertil (SWE)
1418,Assistant 1,LATYCHEV Nikolaj (URS)
1423,Assistant 1,GARDEAZABAL Juan (ESP)
1388,Assistant 1,WYSSLING Paul (SUI)
1332,Assistant 1,NILSEN Birger (NOR)
1391,Assistant 1,LEAFE Reginald (ENG)
1324,Assistant 1,FERNANDES CAMPOS Joaquim (POR)
1406,Assistant 1,VAN NUFFEL Lucien (BEL)
1438,Assistant 1,LEMESIC Leo (YUG)
1344,Assistant 1,NILSEN Birger (NOR)
1389,Assistant 1,AHLNER Sten (SWE)
1403,Assistant 1,CODESAL Jose Maria (URU)
1426,Assistant 1,GRIFFITHS Benjamin (WAL)
1387,Assistant 1,ORLANDINI Vincenzo (ITA)
1327,Assistant 1,DUSCH Albert (GER)
1325,Assistant 1,LEAFE Reginald (ENG)
1373,Assistant 1,BRONKHORST Jan (NED)
1422,Assistant 1,FERNANDES CAMPOS Joaquim (POR)
1408,Assistant 1,CODESAL Jose Maria (URU)
1345,Assistant 1,GUIGUE Maurice (FRA)
1392,Assistant 1,FERNANDES CAMPOS Joaquim (POR)
1437,Assistant 1,BROZZI Juan (ARG)
1385,Assistant 1,LATYCHEV Nikolaj (URS)
1390,Assistant 1,SEIPELT Fritz (AUT)
1340,Assistant 1,WYSSLING Paul (SUI)
1382,Assistant 1,ELLIS Arthur (ENG)
1343,Assistant 1,DUSCH Albert (GER)
1479,Assistant 1,ETZEL FILHO Joao (BRA)
1461,Assistant 1,STEINER Carl (AUT)
1447,Assistant 1,BUERGO Fernando (MEX)
1473,Assistant 1,BLAVIER Arthur (BEL)
1563,Assistant 1,ETZEL FILHO Joao (BRA)
1498,Assistant 1,MARINO Esteban (URU)
1490,Assistant 1,BLAVIER Arthur (BEL)
1507,Assistant 1,MORGAN Raymond (CAN)
1564,Assistant 1,DUSCH Albert (GER)
1462,Assistant 1,MASSARO Artur (CHI)
1450,Assistant 1,REGINATO Adolfe Molina (CHI)
1472,Assistant 1,GOLDSTEIN Leo (USA)
1478,Assistant 1,DOROGI Andor (HUN)
1497,Assistant 1,VICUNA Claudio (CHI)
1470,Assistant 1,DAVIDSON Bob (SCO)
1510,Assistant 1,LATYCHEV Nikolaj (URS)
1562,Assistant 1,DOROGI Andor (HUN)
1460,Assistant 1,MARINO Esteban (URU)
1451,Assistant 1,BULNES R. (CHI)
1471,Assistant 1,ASTON Ken (ENG)
1480,Assistant 1,JONNI Cesare (ITA)
1544,Assistant 1,TESANIC Branko (YUG)
1464,Assistant 1,REGINATO Adolfe Molina (CHI)
1532,Assistant 1,DAVIDSON Bob (SCO)
1474,Assistant 1,ETZEL FILHO Joao (BRA)
1459,Assistant 1,DIENST Gottfried (SUI)
1525,Assistant 1,BUERGO Fernando (MEX)
1511,Assistant 1,VENTRE Luis Antonio (ARG)
1559,Assistant 1,STEINER Carl (AUT)
1458,Assistant 1,MARINO Esteban (URU)
1475,Assistant 1,DUSCH Albert (GER)
1463,Assistant 1,HORN Leo (NED)
1636,Assistant 1,BAKHRAMOV Tofik (URS)
1656,Assistant 1,ADAIR John (NIR)
1596,Assistant 1,McCABE George (ENG)
1710,Assistant 1,KANDIL Aly Hussein (EGY)
1650,Assistant 1,FERNANDES CAMPOS Joaquim (POR)
1675,Assistant 1,HOWLEY Kevin (ENG)
1578,Assistant 1,YAMASAKI MALDONADO Arturo (MEX)
1608,Assistant 1,FINNEY Jim (ENG)
1653,Assistant 1,CALLAGHAN Leo (WAL)
1641,Assistant 1,ZSOLT Istvan (HUN)
1597,Assistant 1,HOWLEY Kevin (ENG)
1609,Assistant 1,CRAWFORD William (SCO)
1602,Assistant 1,GOICOECHEA Roberto (ARG)
1579,Assistant 1,FERNANDES CAMPOS Joaquim (POR)
1682,Assistant 1,CRAWFORD William (SCO)
1634,Assistant 1,CHOI Duk Ryong (PRK)
1689,Assistant 1,VICUNA Claudio (CHI)
1582,Assistant 1,ZSOLT Istvan (HUN)
1598,Assistant 1,CALLAGHAN Leo (WAL)
1679,Assistant 1,ADAIR John (NIR)
1632,Assistant 1,GALBA Karol (TCH)
1599,Assistant 1,GARDEAZABAL Juan (ESP)
1637,Assistant 1,VICUNA Claudio (CHI)
1610,Assistant 1,SCHWINTE Pierre (FRA)
1577,Assistant 1,DIENST Gottfried (SUI)
1660,Assistant 1,KANDIL Aly Hussein (EGY)
1676,Assistant 1,CODESAL Jose Maria (URU)
1702,Assistant 1,GALBA Karol (TCH)
1659,Assistant 1,CODESAL Jose Maria (URU)
1635,Assistant 1,YAMASAKI MALDONADO Arturo (MEX)
1709,Assistant 1,HOWLEY Kevin (ENG)
1633,Assistant 1,BAKHRAMOV Tofik (URS)
1902,Assistant 1,DUNSTAN Keith (BER)
1881,Assistant 1,SCHEURER Ruedi (SUI)
1780,Assistant 1,AGUILAR ELIZALDE Abel (MEX)
1812,Assistant 1,MACHIN Roger (FRA)
1883,Assistant 1,SCHEURER Ruedi (SUI)
1839,Assistant 1,ORTIZ DE MENDIBIL Jose Maria (ESP)
1770,Assistant 1,KLEIN Abraham (ISR)
1747,Assistant 1,GLOECKNER Rudolf (GDR)
1884,Assistant 1,TSCHENSCHER Kurt (GER)
1893,Assistant 1,MARUYAMA Yoshiyuki (JPN)
1919,Assistant 1,EMSBERGER Gyula (HUN)
1753,Assistant 1,LANDAUER Henry (USA)
1880,Assistant 1,RADULESCU Andrei (ROU)
1774,Assistant 1,VELASQUEZ Guillermo (COL)
1764,Assistant 1,YAMASAKI MALDONADO Arturo (MEX)
1820,Assistant 1,DUNSTAN Keith (BER)
1922,Assistant 1,TAYLOR John (ENG)
1840,Assistant 1,ORTIZ DE MENDIBIL Jose Maria (ESP)
1769,Assistant 1,BARRETO RUIZ Ramon (URU)
1823,Assistant 1,COEREZZA Norberto Angel (ARG)
1877,Assistant 1,TAREKEGN Seyoum (ETH)
1779,Assistant 1,BAKHRAMOV Tofik (URS)
1813,Assistant 1,EMSBERGER Gyula (HUN)
1752,Assistant 1,LANDAUER Henry (USA)
1882,Assistant 1,DUNSTAN Keith (BER)
1811,Assistant 1,VELASQUEZ Guillermo (COL)
1768,Assistant 1,MARSCHALL Ferdinand (AUT)
1925,Assistant 1,DAVIDSON Bob (SCO)
1771,Assistant 1,BAKHRAMOV Tofik (URS)
1838,Assistant 1,HORMAZABAL DIAZ Rafael (CHI)
1843,Assistant 1,MARSCHALL Ferdinand (AUT)
1765,Assistant 1,SCHEURER Ruedi (SUI)
1986,Assistant 1,LORAUX Vital (BEL)
2003,Assistant 1,TAYLOR John (ENG)
1955,Assistant 1,SANCHEZ IBANEZ Pablo (ESP)
2176,Assistant 1,BOSKOVIC Tony (AUS)
2098,Assistant 1,KAZAKOV Pavel (URS)
1995,Assistant 1,GONZALEZ ARCHUNDIA Alfonso (MEX)
2083,Assistant 1,NAMDAR Jafar (IRN)
1952,Assistant 1,ALDINGER Heinz (GER)
1954,Assistant 1,GONZALEZ ARCHUNDIA Alfonso (MEX)
1985,Assistant 1,PALOTAI Karoly (HUN)
2004,Assistant 1,SCHEURER Ruedi (SUI)
2186,Assistant 1,LLOBREGAT Vicente (VEN)
2097,Assistant 1,TSCHENSCHER Kurt (GER)
1996,Assistant 1,BABACAN Dogan (TUR)
2085,Assistant 1,BIWERSI Ferdinand (GER)
1949,Assistant 1,GLOECKNER Rudolf (GDR)
2175,Assistant 1,GLOECKNER Rudolf (GDR)
1953,Assistant 1,LORAUX Vital (BEL)
1987,Assistant 1,ANGONESE Aurelio (ITA)
2062,Assistant 1,MARQUES Armando (BRA)
1990,Assistant 1,BIWERSI Ferdinand (GER)
1947,Assistant 1,KAMEL Mahmoud (EGY)
2181,Assistant 1,LLOBREGAT Vicente (VEN)
2129,Assistant 1,WINSEMANN Werner (CAN)
2066,Assistant 1,ANGONESE Aurelio (ITA)
1982,Assistant 1,BABACAN Dogan (TUR)
1948,Assistant 1,TSCHENSCHER Kurt (GER)
2167,Assistant 1,GONZALEZ ARCHUNDIA Alfonso (MEX)
1945,Assistant 1,NDIAYE Birame (SEN)
2170,Assistant 1,MARQUES Armando (BRA)
2067,Assistant 1,LINEMAYR Erich (AUT)
2065,Assistant 1,RAINEA Nicolae (ROU)
2064,Assistant 1,PALOTAI Karoly (HUN)
1983,Assistant 1,DAVIDSON Bob (SCO)
1946,Assistant 1,KAMEL Mahmoud (EGY)
2182,Assistant 1,BARRETO RUIZ Ramon (URU)
1984,Assistant 1,NAMDAR Jafar (IRN)
2063,Assistant 1,GONZALEZ ARCHUNDIA Alfonso (MEX)
2351,Assistant 1,ITHURRALDE Arturo Andres (ARG)
2347,Assistant 1,LINEMAYR Erich (AUT)
2433,Assistant 1,DUBACH Jean (SUI)
2199,Assistant 1,NDIAYE Youssou (SEN)
2253,Assistant 1,JARGUZ Alojzy (POL)
2216,Assistant 1,BARRETO RUIZ Ramon (URU)
2451,Assistant 1,GEBREYESUS DIFUE Tesfaye (ERI)
2388,Assistant 1,WURTZ Robert (FRA)
2396,Assistant 1,BIWERSI Ferdinand (GER)
2454,Assistant 1,PESTARINO Luis (ARG)
2350,Assistant 1,GARRIDO Antonio (POR)
2197,Assistant 1,OROZCO GUERRERO Cesar (PER)
2246,Assistant 1,KLEIN Abraham (ISR)
2224,Assistant 1,MAKSIMOVIC Dusan (SCG)
2408,Assistant 1,RAINEA Nicolae (ROU)
2394,Assistant 1,COEREZZA Norberto Angel (ARG)
2344,Assistant 1,PARTRIDGE Pat (ENG)
2431,Assistant 1,ERIKSSON Ulf (SWE)
2352,Assistant 1,COMESANA Miguel (ARG)
2200,Assistant 1,GONZALEZ ARCHUNDIA Alfonso (MEX)
2215,Assistant 1,BOUZO Farouk (SYR)
2337,Assistant 1,ITHURRALDE Arturo Andres (ARG)
2405,Assistant 1,MAKSIMOVIC Dusan (SCG)
2395,Assistant 1,PALOTAI Karoly (HUN)
2349,Assistant 1,GONZALEZ ARCHUNDIA Alfonso (MEX)
2220,Assistant 1,ITHURRALDE Arturo Andres (ARG)
2251,Assistant 1,DUBACH Jean (SUI)
2202,Assistant 1,NAMDAR Jafar (IRN)
2450,Assistant 1,CLIVE Thomas (WAL)
2221,Assistant 1,COEREZZA Norberto Angel (ARG)
2348,Assistant 1,COMESANA Miguel (ARG)
2196,Assistant 1,LINEMAYR Erich (AUT)
2391,Assistant 1,PESTARINO Luis (ARG)
2217,Assistant 1,JARGUZ Alojzy (POL)
2252,Assistant 1,IVANOV Anatoly (URS)
2201,Assistant 1,BIWERSI Ferdinand (GER)
2247,Assistant 1,GONZALEZ ARCHUNDIA Alfonso (MEX)
2198,Assistant 1,BARRETO RUIZ Ramon (URU)
749,Assistant 1,PALOTAI Karoly (HUN)
995,Assistant 1,PROKOP Adolf (GDR)
791,Assistant 1,SANCHEZ ARMINIO Victoriano (ESP)
833,Assistant 1,RAINEA Nicolae (ROU)
896,Assistant 1,CORVER Charles (NED)
1051,Assistant 1,CHAN Thomson Tam Sun (HKG)
741,Assistant 1,ARISTIZABAL MURCIA Gilberto (COL)
878,Assistant 1,CASTRO Gaston (CHI)
901,Assistant 1,DOTCHEV Bogdan (BUL)
764,Assistant 1,CASARIN Paolo (ITA)
1012,Assistant 1,MENDEZ MOLINA Romulo (GUA)
1044,Assistant 1,GALLER Bruno (SUI)
994,Assistant 1,RUBIO VAZQUEZ Mario (MEX)
752,Assistant 1,VAUTROT Michel (FRA)
790,Assistant 1,CHAN Thomson Tam Sun (HKG)
834,Assistant 1,ESCHWEILER Walter (GER)
774,Assistant 1,CASTRO Gaston (CHI)
1054,Assistant 1,SORIANO ALADREN Emilio (ESP)
813,Assistant 1,CHRISTOV Vojtech (TCH)
889,Assistant 1,DOTCHEV Bogdan (BUL)
903,Assistant 1,GARRIDO Antonio (POR)
739,Assistant 1,CHRISTOV Vojtech (TCH)
919,Assistant 1,FREDRIKSSON Erik (SWE)
959,Assistant 1,LABO REVOREDO Enrique (PER)
1055,Assistant 1,SORIANO ALADREN Emilio (ESP)
779,Assistant 1,ESCHWEILER Walter (GER)
1071,Assistant 1,JARGUZ Alojzy (POL)
828,Assistant 1,SORIANO ALADREN Emilio (ESP)
751,Assistant 1,LAMO CASTILLO Augusto (ESP)
789,Assistant 1,KLEIN Abraham (ISR)
740,Assistant 1,FREDRIKSSON Erik (SWE)
922,Assistant 1,DWOMOH Benjamin (GHA)
962,Assistant 1,SILES Jesus Paulino (CRC)
770,Assistant 1,AL DOY Ebrahim (BHR)
882,Assistant 1,LUND-SORENSEN Henning (DEN)
902,Assistant 1,LABO REVOREDO Enrique (PER)
767,Assistant 1,CHRISTOV Vojtech (TCH)
782,Assistant 1,LABO REVOREDO Enrique (PER)
753,Assistant 1,GALLER Bruno (SUI)
879,Assistant 1,ORTIZ Hector (PAR)
771,Assistant 1,FREDRIKSSON Erik (SWE)
783,Assistant 1,CORVER Charles (NED)
750,Assistant 1,ARISTIZABAL MURCIA Gilberto (COL)
900,Assistant 1,WOEHRER Franz (AUT)
920,Assistant 1,RAINEA Nicolae (ROU)
1058,Assistant 1,LUND-SORENSEN Henning (DEN)
788,Assistant 1,CHAN Thomson Tam Sun (HKG)
877,Assistant 1,VAUTROT Michel (FRA)
996,Assistant 1,SOCHA David (USA)
914,Assistant 1,GALLER Bruno (SUI)
921,Assistant 1,RUBIO VAZQUEZ Mario (MEX)
923,Assistant 1,KLEIN Abraham (ISR)
459,Assistant 1,CODESAL MENDEZ Edgardo (MEX)
468,Assistant 1,MENDEZ MOLINA Romulo (GUA)
439,Assistant 1,SOCHA David (USA)
610,Assistant 1,COURTNEY George (ENG)
395,Assistant 1,GONZALEZ ROA Gabriel (PAR)
674,Assistant 1,QUINIOU Joel (FRA)
379,Assistant 1,DAINA Andre (SUI)
428,Assistant 1,SILVA VALENTE Carlos Alberto (POR)
538,Assistant 1,DOTCHEV Bogdan (BUL)
628,Assistant 1,ULLOA MORERA Berny (CRC)
517,Assistant 1,KIRSCHEN Siegfried (GER)
585,Assistant 1,SILVA ARCE Hernan (CHI)
394,Assistant 1,MARQUEZ RAMIREZ Antonio (MEX)
571,Assistant 1,SANCHEZ ARMINIO Victoriano (ESP)
460,Assistant 1,IGNA Ioan (ROU)
475,Assistant 1,PETROVIC Zoran (SRB)
377,Assistant 1,MARTINEZ BAZAN Jose Luis (URU)
533,Assistant 1,ESPOSITO Carlos (ARG)
551,Assistant 1,AGNOLIN Luigi (ITA)
680,Assistant 1,FREDRIKSSON Erik (SWE)
701,Assistant 1,PICON-ACKONG Edwin (MRI)
427,Assistant 1,CHRISTOV Vojtech (TCH)
522,Assistant 1,KEIZER Jan (NED)
580,Assistant 1,DOTCHEV Bogdan (BUL)
567,Assistant 1,PONNET Alexis (BEL)
476,Assistant 1,AL SHANAR Fallaj Khuzam (KSA)
643,Assistant 1,URREA Joaquin (MEX)
389,Assistant 1,ARPPI FILHO Romualdo (BRA)
429,Assistant 1,BENNACEUR Ali (TUN)
627,Assistant 1,NEMETH Lajos (HUN)
675,Assistant 1,BUTENKO Valeri (RUS)
537,Assistant 1,BRUMMEIER Horst (AUT)
441,Assistant 1,TRAORE Idrissa (MLI)
378,Assistant 1,PICON-ACKONG Edwin (MRI)
712,Assistant 1,DIAZ PALACIO Jesus (COL)
512,Assistant 1,BAMBRIDGE Christopher (AUS)
432,Assistant 1,SANCHEZ ARMINIO Victoriano (ESP)
463,Assistant 1,MENDEZ MOLINA Romulo (GUA)
398,Assistant 1,COURTNEY George (ENG)
444,Assistant 1,MARQUEZ RAMIREZ Antonio (MEX)
568,Assistant 1,MARTINEZ BAZAN Jose Luis (URU)
574,Assistant 1,NEMETH Lajos (HUN)
536,Assistant 1,PONNET Alexis (BEL)
511,Assistant 1,BENNACEUR Ali (TUN)
440,Assistant 1,NEMETH Lajos (HUN)
575,Assistant 1,BAMBRIDGE Christopher (AUS)
421,Assistant 1,CODESAL MENDEZ Edgardo (MEX)
392,Assistant 1,ULLOA MORERA Berny (CRC)
564,Assistant 1,PETROVIC Zoran (SRB)
388,Assistant 1,MENDEZ MOLINA Romulo (GUA)
422,Assistant 1,SILVA ARCE Hernan (CHI)
393,Assistant 1,FREDRIKSSON Erik (SWE)
26,Assistant 1,MAURO Vincent (USA)
342,Assistant 1,SORIANO ALADREN Emilio (ESP)
119,Assistant 1,TAKADA Shizuo (JPN)
42,Assistant 1,PEREZ HOYOS Armando (COL)
355,Assistant 1,VAN LANGENHOVE Marcel (BEL)
75,Assistant 1,VAUTROT Michel (FRA)
201,Assistant 1,MANDI Jassim (BHR)
127,Assistant 1,MACIEL Carlos (PAR)
161,Assistant 1,FREDRIKSSON Erik (SWE)
57,Assistant 1,SNODDY Alan (NIR)
151,Assistant 1,CODESAL MENDEZ Edgardo (MEX)
180,Assistant 1,SPIRIN Alexey (RUS)
30,Assistant 1,RAMIZ WRIGHT Jose (BRA)
108,Assistant 1,SILVA VALENTE Carlos Alberto (POR)
120,Assistant 1,JOUINI Neji (TUN)
265,Assistant 1,CARDELLINO DE SAN VICENTE Juan (URU)
43,Assistant 1,LORENC Richard (AUS)
198,Assistant 1,TAKADA Shizuo (JPN)
73,Assistant 1,DIRAMBA Jean Fidele (GAB)
348,Assistant 1,MAURO Vincent (USA)
160,Assistant 1,HANSAL Mohamed (ALG)
152,Assistant 1,QUINIOU Joel (FRA)
175,Assistant 1,MAGNI Pierluigi (ITA)
66,Assistant 1,MIKKELSEN Peter (DEN)
29,Assistant 1,ULLOA MORERA Berny (CRC)
111,Assistant 1,D ELIA Pietro (ITA)
114,Assistant 1,MANDI Jassim (BHR)
364,Assistant 1,MIKKELSEN Peter (DEN)
263,Assistant 1,VAN LANGENHOVE Marcel (BEL)
48,Assistant 1,LORENC Richard (AUS)
74,Assistant 1,LISTKIEWICZ Michal (POL)
128,Assistant 1,SNODDY Alan (NIR)
290,Assistant 1,DIRAMBA Jean Fidele (GAB)
56,Assistant 1,MACIEL Carlos (PAR)
228,Assistant 1,LORENC Richard (AUS)
150,Assistant 1,ULLOA MORERA Berny (CRC)
102,Assistant 1,AL SHARIF Jamal (SYR)
129,Assistant 1,PEREZ HOYOS Armando (COL)
25,Assistant 1,SPIRIN Alexey (RUS)
196,Assistant 1,JACOME GUERRERO Elias V. (ECU)
248,Assistant 1,MACIEL Carlos (PAR)
264,Assistant 1,ROETHLISBERGER Kurt (SUI)
181,Assistant 1,SNODDY Alan (NIR)
55,Assistant 1,KOHL Helmut (AUT)
31,Assistant 1,JOUINI Neji (TUN)
243,Assistant 1,PEREZ HOYOS Armando (COL)
197,Assistant 1,MIKKELSEN Peter (DEN)
103,Assistant 1,MAURO Vincent (USA)
28,Assistant 1,LISTKIEWICZ Michal (POL)
159,Assistant 1,QUINIOU Joel (FRA)
162,Assistant 1,HANSAL Mohamed (ALG)
27,Assistant 1,PEREZ HOYOS Armando (COL)
3050,Assistant 1,CHRISTENSEN Carl-Johan Meyer (DEN)
3049,Assistant 1,BRAZZALE Eugene (AUS)
3051,Assistant 1,TAIBI Ernesto (ARG)
3052,Assistant 1,DOLSTRA Jan (NED)
3053,Assistant 1,AL GHATTAN Yousif Abdulla (BAH)
3054,Assistant 1,CALIX GARCIA Raimundo (HON)
3055,Assistant 1,MARTON Sandor (HUN)
3056,Assistant 1,JAMES Douglas Micael (TRI)
3058,Assistant 1,IVANOV Valentin (RUS)
3057,Assistant 1,RHARIB El Jilali Mohamed (MAR)
3059,Assistant 1,PARK Hae-Yong (KOR)
3061,Assistant 1,DUNSTER Gordon (AUS)
3060,Assistant 1,ZARATE Venancio (PAR)
3062,Assistant 1,HASSAN Abdel-Magid (EGY)
3063,Assistant 1,RAMICONE Domenico (ITA)
3064,Assistant 1,YLI-KARRO Tapio (FIN)
3065,Assistant 1,MATTHYS Luc (BEL)
3066,Assistant 1,LISTKIEWICZ Michal (POL)
3068,Assistant 1,FANAEI Mohammad (IRN)
3067,Assistant 1,JAMES Douglas Micael (TRI)
3069,Assistant 1,ALVES Paulo Jorge (BRA)
3070,Assistant 1,PEARSON Roy (ENG)
3071,Assistant 1,EVERSTIG Mikael (SWE)
3072,Assistant 1,AL GHATTAN Yousif Abdulla (BAH)
3073,Assistant 1,DOLSTRA Jan (NED)
3074,Assistant 1,CHRISTENSEN Carl-Johan Meyer (DEN)
3076,Assistant 1,IVANOV Valentin (RUS)
3075,Assistant 1,CALIX GARCIA Raimundo (HON)
3077,Assistant 1,ALVES Paulo Jorge (BRA)
3080,Assistant 1,MARTON Sandor (HUN)
3078,Assistant 1,TAIBI Ernesto (ARG)
3079,Assistant 1,DUNSTER Gordon (AUS)
3081,Assistant 1,ZARATE Venancio (PAR)
3082,Assistant 1,BRAZZALE Eugene (AUS)
3083,Assistant 1,PARK Hae-Yong (KOR)
3084,Assistant 1,YLI-KARRO Tapio (FIN)
3085,Assistant 1,LISTKIEWICZ Michal (POL)
3086,Assistant 1,DOLSTRA Jan (NED)
3087,Assistant 1,ALVES Paulo Jorge (BRA)
3088,Assistant 1,RAMICONE Domenico (ITA)
3089,Assistant 1,DUNSTER Gordon (AUS)
3090,Assistant 1,PARK Hae-Yong (KOR)
3091,Assistant 1,TAIBI Ernesto (ARG)
3092,Assistant 1,FANAEI Mohammad (IRN)
3097,Assistant 1,DUNSTER Gordon (AUS)
3098,Assistant 1,AL GHATTAN Yousif Abdulla (BAH)
3096,Assistant 1,ZARATE Venancio (PAR)
3095,Assistant 1,PEARSON Roy (ENG)
3100,Assistant 1,CHRISTENSEN Carl-Johan Meyer (DEN)
3099,Assistant 1,MARTON Sandor (HUN)
3103,Assistant 1,RHARIB El Jilali Mohamed (MAR)
3104,Assistant 1,ZARATE Venancio (PAR)
4000,Assistant 1,TRESACO GRACIA Fernando (ESP)
8725,Assistant 1,ABDUL HAMID Halim (MAS)
8726,Assistant 1,DANTE Dramane (MLI)
8727,Assistant 1,GALVAN Celestino (PAR)
8728,Assistant 1,SALIE Achmat (RSA)
8729,Assistant 1,ROSSI Claudio (ARG)
8730,Assistant 1,PINTO Arnaldo (BRA)
8731,Assistant 1,TORRES ZUNIGA Luis (CRC)
8732,Assistant 1,FRED Lencie (VAN)
8733,Assistant 1,MAZZEI Gennaro (ITA)
8734,Assistant 1,VAN DEN BROECK Marc (BEL)
8735,Assistant 1,POWELL Owen (JAM)
8736,Assistant 1,GRIGORESCU Nicolae (ROU)
8740,Assistant 1,JEON Young Hyun (KOR)
8739,Assistant 1,AL MUSAWI Mohamed (OMA)
8738,Assistant 1,MANSRI Mohamed (TUN)
8741,Assistant 1,AMLER Evzen (CZE)
8742,Assistant 1,DUPANOV Yuri (BLR)
8743,Assistant 1,GHADANFARI Hussain (KUW)
8744,Assistant 1,FRED Lencie (VAN)
8746,Assistant 1,ARANGO Jorge Luis (COL)
8745,Assistant 1,SALINAS Reynaldo (HON)
8747,Assistant 1,DIAZ GALVEZ Jorge (CHI)
8748,Assistant 1,SOLDATOS Aristidis Chris (RSA)
8751,Assistant 1,GONZALES Merere (TRI)
8750,Assistant 1,FOLEY Eddie (IRL)
8749,Assistant 1,POCIEGIEL Jacek (POL)
8753,Assistant 1,ZAMMIT Emanuel (MLT)
8752,Assistant 1,NILSSON Mikael (SWE)
8754,Assistant 1,RAUSIS Laurent (SUI)
8755,Assistant 1,SCHNEIDER Erich (GER)
8756,Assistant 1,POUDEVIGNE Jacques (FRA)
8757,Assistant 1,WARREN Mark (ENG)
8760,Assistant 1,WICKRAMATUNGA Nimal (SRI)
8758,Assistant 1,TORRES ZUNIGA Luis (CRC)
8759,Assistant 1,MAZZEI Gennaro (ITA)
8762,Assistant 1,VAN DEN BROECK Marc (BEL)
8764,Assistant 1,POWELL Owen (JAM)
8761,Assistant 1,GRIGORESCU Nicolae (ROU)
8763,Assistant 1,AL MUSAWI Mohamed (OMA)
8765,Assistant 1,PINTO Arnaldo (BRA)
8766,Assistant 1,TRESACO GRACIA Fernando (ESP)
8767,Assistant 1,GALVAN Celestino (PAR)
8768,Assistant 1,SALIE Achmat (RSA)
8771,Assistant 1,AMLER Evzen (CZE)
8772,Assistant 1,SOLDATOS Aristidis Chris (RSA)
8769,Assistant 1,POCIEGIEL Jacek (POL)
8770,Assistant 1,RAUSIS Laurent (SUI)
8774,Assistant 1,SCHNEIDER Erich (GER)
8773,Assistant 1,POUDEVIGNE Jacques (FRA)
8776,Assistant 1,WICKRAMATUNGA Nimal (SRI)
8775,Assistant 1,GHADANFARI Hussain (KUW)
8777,Assistant 1,MANSRI Mohamed (TUN)
8778,Assistant 1,RAUSIS Laurent (SUI)
8780,Assistant 1,ROSSI Claudio (ARG)
8779,Assistant 1,ABDUL HAMID Halim (MAS)
8781,Assistant 1,WARREN Mark (ENG)
8782,Assistant 1,MANSRI Mohamed (TUN)
8784,Assistant 1,POWELL Owen (JAM)
8783,Assistant 1,NILSSON Mikael (SWE)
8785,Assistant 1,GHADANFARI Hussain (KUW)
8786,Assistant 1,TRESACO GRACIA Fernando (ESP)
8787,Assistant 1,ZAMMIT Emanuel (MLT)
8788,Assistant 1,WARREN Mark (ENG)
43950001,Assistant 1,ALTRAIFI Ali (KSA)
43950003,Assistant 1,HASSOUNEH Awni (JOR)
43950002,Assistant 1,AWANG HAMAT Mat Lazim (MAS)
43950004,Assistant 1,GIACOMUZZI Miguel (PAR)
43950007,Assistant 1,ARNAULT Frederic (FRA)
43950006,Assistant 1,SRAMKA Igor (SVK)
43950005,Assistant 1,OLIVEIRA Jorge (BRA)
43950008,Assistant 1,TOMUSANGE Ali (UGA)
43950010,Assistant 1,KRISHNAN Visva (SIN)
43950011,Assistant 1,VERGARA Hector (CAN)
43950009,Assistant 1,KOMALEESWARAN Sankar (IND)
43950012,Assistant 1,MATOS Carlos (POR)
43950013,Assistant 1,KOLEIT Haidar (LIB)
43950014,Assistant 1,DORIRI Elise (VAN)
43950015,Assistant 1,RAGOONATH Michael (TRI)
43950016,Assistant 1,FIERRO Bomer (ECU)
43950017,Assistant 1,LARSEN Jens (DEN)
43950020,Assistant 1,SZEKELY Ferenc (HUN)
43950019,Assistant 1,VAN NYLEN Roland (BEL)
43950018,Assistant 1,FERNANDEZ Vladimir (SLV)
43950021,Assistant 1,GIACOMUZZI Miguel (PAR)
43950023,Assistant 1,VERGARA Hector (CAN)
43950022,Assistant 1,FARAG Wagih (EGY)
43950024,Assistant 1,RATTALINO Jorge (ARG)
43950026,Assistant 1,LINDBERG Leif (SWE)
43950025,Assistant 1,SHARP Philip (ENG)
43950028,Assistant 1,DANTE Dramane (MLI)
43950029,Assistant 1,MUELLER Heiner (GER)
43950027,Assistant 1,ADJENGUI Taoufik (TUN)
43950030,Assistant 1,BEREUTER Egon (AUT)
43950032,Assistant 1,SRAMKA Igor (SVK)
43950031,Assistant 1,SMITH Paul (NZL)
43950033,Assistant 1,MATOS Carlos (POR)
43950034,Assistant 1,POOL Jaap (NED)
43950036,Assistant 1,WIERZBOWSKI Maciej (POL)
43950035,Assistant 1,SAEED Mohamed (MDV)
43950037,Assistant 1,MUELLER Heiner (GER)
43950038,Assistant 1,VERGARA Hector (CAN)
43950040,Assistant 1,LINDBERG Leif (SWE)
43950039,Assistant 1,RATTALINO Jorge (ARG)
43950041,Assistant 1,FARAG Wagih (EGY)
43950042,Assistant 1,TOMUSANGE Ali (UGA)
43950044,Assistant 1,GIACOMUZZI Miguel (PAR)
43950043,Assistant 1,OLIVEIRA Jorge (BRA)
43950045,Assistant 1,ARNAULT Frederic (FRA)
43950047,Assistant 1,ALTRAIFI Ali (KSA)
43950048,Assistant 1,FIERRO Bomer (ECU)
43950046,Assistant 1,SHARP Philip (ENG)
43950050,Assistant 1,MUELLER Heiner (GER)
43950049,Assistant 1,CHARLES Curtis (ATG)
43950052,Assistant 1,LINDBERG Leif (SWE)
43950051,Assistant 1,GIACOMUZZI Miguel (PAR)
43950054,Assistant 1,DUPANOV Yuri (BLR)
43950053,Assistant 1,MATOS Carlos (POR)
43950055,Assistant 1,WIERZBOWSKI Maciej (POL)
43950056,Assistant 1,RATTALINO Jorge (ARG)
43950057,Assistant 1,VERGARA Hector (CAN)
43950058,Assistant 1,SHARP Philip (ENG)
43950060,Assistant 1,RATTALINO Jorge (ARG)
43950059,Assistant 1,TOMUSANGE Ali (UGA)
43950061,Assistant 1,ARNAULT Frederic (FRA)
43950062,Assistant 1,WIERZBOWSKI Maciej (POL)
43950063,Assistant 1,ALTRAIFI Ali (KSA)
43950064,Assistant 1,LINDBERG Leif (SWE)
97410001,Assistant 1,GARCIA Dario (ARG)
97410002,Assistant 1,HIROSHIMA Yoshikazu (JPN)
97410003,Assistant 1,CAMARGO Jose Luis (MEX)
97410004,Assistant 1,PERMPANICH Prachya (THA)
97410005,Assistant 1,HERMANS Peter (BEL)
97410006,Assistant 1,SCHRAER Christian (GER)
97410007,Assistant 1,COPELLI Cristiano (ITA)
97410008,Assistant 1,RIAL Walter (URU)
97410012,Assistant 1,DANTE Dramane (MLI)
97410010,Assistant 1,ANDINO Amelio (PAR)
97410009,Assistant 1,TAVARES Aristeu (BRA)
97410014,Assistant 1,SHARP Philip (ENG)
97410013,Assistant 1,GOLUBEV Nikolai (RUS)
97410011,Assistant 1,RAMIREZ Jose (MEX)
97410015,Assistant 1,BURAGINA Francesco (SUI)
97410016,Assistant 1,GIBSON Nathan (AUS)
97410017,Assistant 1,GIRALDEZ CARRASCO Victoriano (ESP)
97410018,Assistant 1,NTAGUNGIRA Celestin (RWA)
97410019,Assistant 1,HIROSHIMA Yoshikazu (JPN)
97410020,Assistant 1,Roman SLYSKO (SVK)
97410021,Assistant 1,COPELLI Cristiano (ITA)
97410022,Assistant 1,TAMAYO Fernando (ECU)
97410023,Assistant 1,PERMPANICH Prachya (THA)
97410024,Assistant 1,DAGORNE Lionel (FRA)
97410026,Assistant 1,GARCIA Dario (ARG)
97410025,Assistant 1,RIAL Walter (URU)
97410028,Assistant 1,HERMANS Peter (BEL)
97410027,Assistant 1,SCHRAER Christian (GER)
97410029,Assistant 1,RAMIREZ Jose (MEX)
97410030,Assistant 1,ANDINO Amelio (PAR)
97410032,Assistant 1,SHARP Philip (ENG)
97410031,Assistant 1,TAVARES Aristeu (BRA)
97410033,Assistant 1,GOLUBEV Nikolai (RUS)
97410034,Assistant 1,PERMPANICH Prachya (THA)
97410035,Assistant 1,BURAGINA Francesco (SUI)
97410036,Assistant 1,COPELLI Cristiano (ITA)
97410040,Assistant 1,GIBSON Nathan (AUS)
97410039,Assistant 1,Roman SLYSKO (SVK)
97410037,Assistant 1,GIRALDEZ CARRASCO Victoriano (ESP)
97410038,Assistant 1,CAMARGO Jose Luis (MEX)
97410041,Assistant 1,RAMIREZ Jose (MEX)
97410042,Assistant 1,SCHRAER Christian (GER)
97410043,Assistant 1,DAGORNE Lionel (FRA)
97410044,Assistant 1,SHARP Philip (ENG)
97410048,Assistant 1,ANDINO Amelio (PAR)
97410047,Assistant 1,NTAGUNGIRA Celestin (RWA)
97410045,Assistant 1,RIAL Walter (URU)
97410046,Assistant 1,GARCIA Dario (ARG)
97410049,Assistant 1,TAVARES Aristeu (BRA)
97410050,Assistant 1,BURAGINA Francesco (SUI)
97410051,Assistant 1,HERMANS Peter (BEL)
97410052,Assistant 1,GOLUBEV Nikolai (RUS)
97410053,Assistant 1,GIRALDEZ CARRASCO Victoriano (ESP)
97410054,Assistant 1,RAMIREZ Jose (MEX)
97410055,Assistant 1,Roman SLYSKO (SVK)
97410056,Assistant 1,COPELLI Cristiano (ITA)
97410057,Assistant 1,Roman SLYSKO (SVK)
97410058,Assistant 1,HERMANS Peter (BEL)
97410059,Assistant 1,GARCIA Dario (ARG)
97410060,Assistant 1,GIRALDEZ CARRASCO Victoriano (ESP)
97410061,Assistant 1,RAMIREZ Jose (MEX)
97410062,Assistant 1,RIAL Walter (URU)
97410063,Assistant 1,HIROSHIMA Yoshikazu (JPN)
97410064,Assistant 1,GARCIA Dario (ARG)
300061454,Assistant 1,ILYASOV Rafael (UZB)
300061453,Assistant 1,SAGARA Toru (JPN)
300061459,Assistant 1,HINTZ Jan Hendrik (NZL)
300061460,Assistant 1,SALVER Jan-Hendrik (GER)
300061466,Assistant 1,HAUSMANN Altemir (BRA)
300061465,Assistant 1,LEAL Leonel (CRC)
300061471,Assistant 1,CASAS Ricardo (ARG)
300111116,Assistant 1,CAMARGO Jose Luis (MEX)
300061478,Assistant 1,DANSAULT Eric (FRA)
300061477,Assistant 1,CARDINAL Jose (POR)
300061484,Assistant 1,VERGARA Hector (CAN)
300061483,Assistant 1,NTAGUNGIRA Celestin (RWA)
300061489,Assistant 1,FANDINO Pablo (URU)
300061490,Assistant 1,EROS Gabor (HUN)
300061495,Assistant 1,MENKOUANDE Evarist (CMR)
300111112,Assistant 1,Darren CANN (ENG)
300061452,Assistant 1,ARNET Matthias (SUI)
300061458,Assistant 1,HERMANS Peter (BEL)
300061457,Assistant 1,GONZALEZ Abraham (COL)
300061451,Assistant 1,KAMRANIFAR Hassan (IRN)
300061470,Assistant 1,MARTINEZ Fermin (ESP)
300061463,Assistant 1,ACHIK Redouane (MAR)
300061464,Assistant 1,ILYASOV Rafael (UZB)
300111117,Assistant 1,CASAS Ricardo (ARG)
300061469,Assistant 1,CALCAGNO Paolo (ITA)
300061475,Assistant 1,FANDINO Pablo (URU)
300061481,Assistant 1,MENKOUANDE Evarist (CMR)
300061482,Assistant 1,LEAL Leonel (CRC)
300061488,Assistant 1,DANSAULT Eric (FRA)
300061487,Assistant 1,BASUALTO Patricio (CHI)
300061493,Assistant 1,KAMRANIFAR Hassan (IRN)
300061494,Assistant 1,SAGARA Toru (JPN)
300061450,Assistant 1,EROS Gabor (HUN)
300061449,Assistant 1,GONZALEZ Abraham (COL)
300111115,Assistant 1,CARDINAL Jose (POR)
300061455,Assistant 1,ILYASOV Rafael (UZB)
300061462,Assistant 1,SALVER Jan-Hendrik (GER)
300061461,Assistant 1,HERMANS Peter (BEL)
300061468,Assistant 1,HAUSMANN Altemir (BRA)
300061467,Assistant 1,FANDINO Pablo (URU)
300061480,Assistant 1,Darren CANN (ENG)
300061479,Assistant 1,SAGARA Toru (JPN)
300061474,Assistant 1,NTAGUNGIRA Celestin (RWA)
300061473,Assistant 1,BASUALTO Patricio (CHI)
300111111,Assistant 1,VERGARA Hector (CAN)
300061486,Assistant 1,MARTINEZ Fermin (ESP)
300061491,Assistant 1,CAMARGO Jose Luis (MEX)
300061492,Assistant 1,CASAS Ricardo (ARG)
300061504,Assistant 1,SALVER Jan-Hendrik (GER)
300061503,Assistant 1,EROS Gabor (HUN)
300061501,Assistant 1,FANDINO Pablo (URU)
300061502,Assistant 1,CALCAGNO Paolo (ITA)
300111113,Assistant 1,MARTINEZ Fermin (ESP)
300061500,Assistant 1,Darren CANN (ENG)
300061497,Assistant 1,HERMANS Peter (BEL)
300061498,Assistant 1,CASAS Ricardo (ARG)
300061507,Assistant 1,SAGARA Toru (JPN)
300061508,Assistant 1,CARDINAL Jose (POR)
300061505,Assistant 1,ILYASOV Rafael (UZB)
300061506,Assistant 1,LEAL Leonel (CRC)
300061512,Assistant 1,ILYASOV Rafael (UZB)
300111114,Assistant 1,EROS Gabor (HUN)
300061510,Assistant 1,VERGARA Hector (CAN)
300061509,Assistant 1,Darren CANN (ENG)
300186456,Assistant 1,SAGARA Toru (JPN)
300186492,Assistant 1,CLAVIJO Humberto (COL)
300186510,Assistant 1,Renato FAVERANI (ITA)
300186473,Assistant 1,YEO Songuifolo (CIV)
300186471,Assistant 1,HURD Sean (USA)
300186489,Assistant 1,BORSCH Mark (GER)
300186513,Assistant 1,Sander VAN ROEKEL (NED)
300186507,Assistant 1,ASTROZA Carlos (CHI)
300186494,Assistant 1,RASULOV Abduxamidullo (UZB)
300186496,Assistant 1,DE CARVALHO Emerson (BRA)
300186477,Assistant 1,TORRES William (SLV)
300186475,Assistant 1,RISTIC Milovan (SRB)
300186505,Assistant 1,LESCANO Christian (ECU)
300186512,Assistant 1,KLASENIUS Mathias (SWE)
300186479,Assistant 1,TORRENTERA Marvin (MEX)
300186509,Assistant 1,DURAN Bahattin (TUR)
300186499,Assistant 1,MAIDANA Hernan (ARG)
300186478,Assistant 1,ACHIK Redouane (MAR)
300186498,Assistant 1,HURD Sean (USA)
300186453,Assistant 1,MIRANDA Bertino (POR)
300186468,Assistant 1,MULLARKEY Michael (ENG)
300186486,Assistant 1,ALONSO FERNANDEZ Roberto (ESP)
300186454,Assistant 1,TORRES William (SLV)
300186500,Assistant 1,ASTROZA Carlos (CHI)
300186514,Assistant 1,Sander VAN ROEKEL (NED)
300186463,Assistant 1,CREAM Matthew (AUS)
300186466,Assistant 1,RISTIC Milovan (SRB)
300186493,Assistant 1,DE CARVALHO Emerson (BRA)
300186511,Assistant 1,HINTZ Jan Hendrik (NZL)
300186481,Assistant 1,BORSCH Mark (GER)
300186495,Assistant 1,DIAZ Eduardo (COL)
300186483,Assistant 1,MAIDANA Hernan (ARG)
300186467,Assistant 1,TULEFAT Yaser (BHR)
300186470,Assistant 1,MENKOUANDE Evarist (CMR)
300186472,Assistant 1,KLASENIUS Mathias (SWE)
300186452,Assistant 1,RASULOV Abduxamidullo (UZB)
300186465,Assistant 1,TORRENTERA Marvin (MEX)
300186484,Assistant 1,ACHIK Redouane (MAR)
300186457,Assistant 1,MIRANDA Bertino (POR)
300186455,Assistant 1,LESCANO Christian (ECU)
300186458,Assistant 1,Renato FAVERANI (ITA)
300186464,Assistant 1,ALONSO FERNANDEZ Roberto (ESP)
300186482,Assistant 1,MAIDANA Hernan (ARG)
300186515,Assistant 1,YEO Songuifolo (CIV)
300186469,Assistant 1,RASULOV Abduxamidullo (UZB)
300186476,Assistant 1,TULEFAT Yaser (BHR)
300186480,Assistant 1,CREAM Matthew (AUS)
300186506,Assistant 1,DURAN Bahattin (TUR)
300186487,Assistant 1,MULLARKEY Michael (ENG)
300186491,Assistant 1,Sander VAN ROEKEL (NED)
300186462,Assistant 1,HURD Sean (USA)
300186460,Assistant 1,DE CARVALHO Emerson (BRA)
300186461,Assistant 1,ALONSO FERNANDEZ Roberto (ESP)
300186485,Assistant 1,MAIDANA Hernan (ARG)
300186474,Assistant 1,TORRENTERA Marvin (MEX)
300186502,Assistant 1,ACHIK Redouane (MAR)
300186501,Assistant 1,Renato FAVERANI (ITA)
300186490,Assistant 1,DURAN Bahattin (TUR)
300186488,Assistant 1,RASULOV Abduxamidullo (UZB)
300186504,Assistant 1,Renato FAVERANI (ITA)
300186508,Assistant 1,MIRANDA Bertino (POR)
300186459,Assistant 1,CREAM Matthew (AUS)
300186503,Assistant 1,KLASENIUS Mathias (SWE)
300186497,Assistant 1,ACHIK Redouane (MAR)
1096,Assistant 2,REGO Gilberto (BRA)
1090,Assistant 2,WARNKEN Alberto (CHI)
1093,Assistant 2,BALWAY Thomas (FRA)
1098,Assistant 2,MATEUCCI Francisco (URU)
1085,Assistant 2,RADULESCU Constantin (ROU)
1095,Assistant 2,LANGENUS Jean (BEL)
1092,Assistant 2,WARNKEN Alberto (CHI)
1097,Assistant 2,TEJADA Anibal (URU)
1099,Assistant 2,CRISTOPHE Henry (BEL)
1094,Assistant 2,REGO Gilberto (BRA)
1086,Assistant 2,RADULESCU Constantin (ROU)
1091,Assistant 2,VALLEJO Gaspar (MEX)
1089,Assistant 2,LOMBARDI Domingo (URU)
1100,Assistant 2,SAUCEDO Ulises (BOL)
1084,Assistant 2,SAUCEDO Ulises (BOL)
1088,Assistant 2,WARNKEN Alberto (CHI)
1101,Assistant 2,BALWAY Thomas (FRA)
1087,Assistant 2,CRISTOPHE Henry (BEL)
1104,Assistant 2,BAERT Louis (BEL)
1119,Assistant 2,SASSI Otello (ITA)
1133,Assistant 2,BONIVENTO Ferruccio (ITA)
1102,Assistant 2,TURBIANI Giuseppe (ITA)
1108,Assistant 2,BAERT Jacques (FRA)
1111,Assistant 2,IVANCSICS Mihaly (HUN)
1135,Assistant 2,ZENISEK Bohumil (TCH)
1141,Assistant 2,SCORZONI Raffaele (ITA)
1143,Assistant 2,BAERT Jacques (FRA)
1129,Assistant 2,VAN MOORSEL Johannes (NED)
1122,Assistant 2,IVANCSICS Mihaly (HUN)
1106,Assistant 2,BIRLEM Alfred (GER)
1123,Assistant 2,ZENISEK Bohumil (TCH)
1107,Assistant 2,ZENISEK Bohumil (TCH)
1130,Assistant 2,ESCARTIN Pedro (ESP)
1105,Assistant 2,ESCARTIN Pedro (ESP)
1134,Assistant 2,IVANCSICS Mihaly (HUN)
1165,Assistant 2,VAN MOORSEL Johannes (NED)
1173,Assistant 2,WEINGARTNER Karl (AUT)
1146,Assistant 2,BIRLEM Alfred (GER)
1156,Assistant 2,MERKCX Jean (FRA)
1179,Assistant 2,TREHOU D. (FRA)
1150,Assistant 2,KISSENBERGER Ernest (FRA)
1172,Assistant 2,SDEZ Victor (FRA)
1157,Assistant 2,MARENCO Paul (FRA)
1166,Assistant 2,VAN MOORSEL Johannes (NED)
1152,Assistant 2,DE LA SALLE Charles (FRA)
1175,Assistant 2,BOUTOURE D. (FRA)
1158,Assistant 2,SDEZ Victor (FRA)
1164,Assistant 2,EKLIND Ivan (SWE)
1153,Assistant 2,KISSENBERGER Ernest (FRA)
1176,Assistant 2,SCARPI Giuseppe (ITA)
1149,Assistant 2,MARENCO Paul (FRA)
1151,Assistant 2,VALPREDE Ferdinand (FRA)
1174,Assistant 2,KRIST Gustav (TCH)
1187,Assistant 2,MITCHELL George (SCO)
1192,Assistant 2,DAHLNER Gunnar (SWE)
1208,Assistant 2,DE LA SALLE Charles (FRA)
1219,Assistant 2,TEJADA Carlos (MEX)
1230,Assistant 2,DATTILO Generoso (ITA)
1188,Assistant 2,DE NICOLA Cayetano (PAR)
1225,Assistant 2,VAN DER MEER Karel (NED)
1193,Assistant 2,ALVAREZ Alfredo (BOL)
1228,Assistant 2,GARCIA Prudencio (USA)
1202,Assistant 2,GALEATI Giovanni (ITA)
1191,Assistant 2,DA COSTA VIEIRA Jose (POR)
1199,Assistant 2,DATTILO Generoso (ITA)
1218,Assistant 2,DE LA SALLE Charles (FRA)
1185,Assistant 2,LEMESIC Leo (YUG)
1222,Assistant 2,BUSTAMANTE Sergio (CHI)
1194,Assistant 2,ALVAREZ Alfredo (BOL)
1207,Assistant 2,ALVAREZ Alfredo (BOL)
1189,Assistant 2,DE LA SALLE Charles (FRA)
1186,Assistant 2,DA COSTA VIEIRA Jose (POR)
1231,Assistant 2,DE NICOLA Cayetano (PAR)
1206,Assistant 2,GARCIA Prudencio (USA)
1190,Assistant 2,MITCHELL George (SCO)
1315,Assistant 2,SCHICKER Werner (SUI)
1236,Assistant 2,GULDE Josef (SUI)
1249,Assistant 2,DA COSTA VIEIRA Jose (POR)
1276,Assistant 2,ASENSI Manuel (ESP)
1283,Assistant 2,MERLOTTI Armand (SUI)
1294,Assistant 2,STEINER Carl (AUT)
1240,Assistant 2,RUFFLI Willy (SUI)
1300,Assistant 2,MARINO Esteban (URU)
1313,Assistant 2,GUIDI Denilo (SUI)
1238,Assistant 2,GULDE Josef (SUI)
1275,Assistant 2,BAUMBERGER Rene (SUI)
1252,Assistant 2,VON GUNTER Albert (SUI)
1277,Assistant 2,GRIFFITHS Benjamin (WAL)
1304,Assistant 2,SCHONHOLZER Ernest (SUI)
1263,Assistant 2,STEFANOVIC Vasa (YUG)
1243,Assistant 2,SCHMETZER Emil (FRG)
1284,Assistant 2,DOERFLINGER Ernst (SUI)
1301,Assistant 2,LING William (ENG)
1264,Assistant 2,ORLANDINI Vincenzo (ITA)
1237,Assistant 2,SCHMETZER Emil (FRG)
1285,Assistant 2,BUCHMUELLER Fritz (SUI)
1248,Assistant 2,WYSSLING Paul (SUI)
1233,Assistant 2,BUCHMUELLER Fritz (SUI)
1295,Assistant 2,VINCENTI Raymond (FRA)
1239,Assistant 2,ELLIS Arthur (ENG)
1278,Assistant 2,GRIFFITHS Benjamin (WAL)
1415,Assistant 2,ERIKSSON Arne (FIN)
1372,Assistant 2,JORGENSEN Carl Frederik (DEN)
1323,Assistant 2,AHLNER Sten (SWE)
1407,Assistant 2,VAN NUFFEL Lucien (BEL)
1386,Assistant 2,BROZZI Juan (ARG)
1434,Assistant 2,MACKO Martin (TCH)
1326,Assistant 2,BRONKHORST Jan (NED)
1421,Assistant 2,FERNANDES CAMPOS Joaquim (POR)
1339,Assistant 2,ZSOLT Istvan (HUN)
1418,Assistant 2,CODESAL Jose Maria (URU)
1423,Assistant 2,ANDREN Bengt (SWE)
1388,Assistant 2,DRAGVOLL Georg (NOR)
1332,Assistant 2,ACKEBORN Gosta (SWE)
1391,Assistant 2,SEIPELT Fritz (AUT)
1324,Assistant 2,HELGE Leo (DEN)
1406,Assistant 2,DRAGVOLL Georg (NOR)
1438,Assistant 2,LATYCHEV Nikolaj (URS)
1344,Assistant 2,JORGENSEN Carl Frederik (DEN)
1389,Assistant 2,HELGE Leo (DEN)
1403,Assistant 2,MOWAT Jack (SCO)
1426,Assistant 2,GARDEAZABAL Juan (ESP)
1387,Assistant 2,WYSSLING Paul (SUI)
1327,Assistant 2,ZSOLT Istvan (HUN)
1325,Assistant 2,SEIPELT Fritz (AUT)
1373,Assistant 2,SEIPELT Fritz (AUT)
1422,Assistant 2,AHLNER Sten (SWE)
1408,Assistant 2,ERIKSSON Arne (FIN)
1345,Assistant 2,DUSCH Albert (GER)
1392,Assistant 2,HELGE Leo (DEN)
1437,Assistant 2,DRAGVOLL Georg (NOR)
1385,Assistant 2,ANDREN Bengt (SWE)
1390,Assistant 2,ELLIS Arthur (ENG)
1340,Assistant 2,LEAFE Reginald (ENG)
1382,Assistant 2,LUNDELL Bengt (SWE)
1343,Assistant 2,GARDEAZABAL Juan (ESP)
1479,Assistant 2,GALBA Karol (TCH)
1461,Assistant 2,SCHWINTE Pierre (FRA)
1447,Assistant 2,MORGAN Raymond (CAN)
1473,Assistant 2,YAMASAKI MALDONADO Arturo (MEX)
1563,Assistant 2,ROBLES Carlos (CHI)
1498,Assistant 2,VAN ROSBERG Walter Jose (CUW)
1490,Assistant 2,GOLDSTEIN Leo (USA)
1507,Assistant 2,VENTRE Luis Antonio (ARG)
1564,Assistant 2,JONNI Cesare (ITA)
1462,Assistant 2,DIENST Gottfried (SUI)
1450,Assistant 2,MORGAN Raymond (CAN)
1472,Assistant 2,BUERGO Fernando (MEX)
1478,Assistant 2,ROBLES Carlos (CHI)
1497,Assistant 2,VAN ROSBERG Walter Jose (CUW)
1470,Assistant 2,SILVA Luis (CHI)
1510,Assistant 2,VENTRE Luis Antonio (ARG)
1562,Assistant 2,DUSCH Albert (GER)
1460,Assistant 2,SUNDHEIM Jose Antonio (COL)
1451,Assistant 2,GARDEAZABAL Juan (ESP)
1471,Assistant 2,HORN Leo (NED)
1480,Assistant 2,GALBA Karol (TCH)
1544,Assistant 2,SUNDHEIM Jose Antonio (COL)
1464,Assistant 2,BULNES R. (CHI)
1532,Assistant 2,RUMENTCHEV Dimitar (BUL)
1474,Assistant 2,GALBA Karol (TCH)
1459,Assistant 2,BUSTAMANTE Sergio (CHI)
1525,Assistant 2,RUMENTCHEV Dimitar (BUL)
1511,Assistant 2,SILVA Jose Antonio (CHI)
1559,Assistant 2,JONNI Cesare (ITA)
1458,Assistant 2,VENTRE Luis Antonio (ARG)
1475,Assistant 2,DOROGI Andor (HUN)
1463,Assistant 2,DAVIDSON Bob (SCO)
1636,Assistant 2,RUMENTCHEV Dimitar (BUL)
1656,Assistant 2,LOEOEW Bertil (SWE)
1596,Assistant 2,TAYLOR John (ENG)
1710,Assistant 2,DIENST Gottfried (SUI)
1650,Assistant 2,GALBA Karol (TCH)
1675,Assistant 2,CLEMENTS William (ENG)
1578,Assistant 2,ZECEVIC Konstantin (YUG)
1608,Assistant 2,KREITLEIN Rudolf (GER)
1653,Assistant 2,MARQUES Armando (BRA)
1641,Assistant 2,PHILLIPS Hugh (SCO)
1597,Assistant 2,YAMASAKI MALDONADO Arturo (MEX)
1609,Assistant 2,FINNEY Jim (ENG)
1602,Assistant 2,TSCHENSCHER Kurt (GER)
1579,Assistant 2,LOEOEW Bertil (SWE)
1682,Assistant 2,KANDIL Aly Hussein (EGY)
1634,Assistant 2,ASHKENAZI Menachem (ISR)
1689,Assistant 2,LO BELLO Concetto (ITA)
1582,Assistant 2,BAKHRAMOV Tofik (URS)
1598,Assistant 2,DAGNALL Kenneth (ENG)
1679,Assistant 2,TAYLOR John (ENG)
1632,Assistant 2,RUMENTCHEV Dimitar (BUL)
1599,Assistant 2,CODESAL Jose Maria (URU)
1637,Assistant 2,CHOI Duk Ryong (PRK)
1610,Assistant 2,CLEMENTS William (ENG)
1577,Assistant 2,ZSOLT Istvan (HUN)
1660,Assistant 2,PHILLIPS Hugh (SCO)
1676,Assistant 2,FERNANDES CAMPOS Joaquim (POR)
1702,Assistant 2,SCHWINTE Pierre (FRA)
1659,Assistant 2,GARDEAZABAL Juan (ESP)
1635,Assistant 2,ZECEVIC Konstantin (YUG)
1709,Assistant 2,KANDIL Aly Hussein (EGY)
1633,Assistant 2,GALBA Karol (TCH)
1902,Assistant 2,TAYLOR John (ENG)
1881,Assistant 2,TAREKEGN Seyoum (ETH)
1780,Assistant 2,MARUYAMA Yoshiyuki (JPN)
1812,Assistant 2,DE LEO Diego (MEX)
1883,Assistant 2,KANDIL Aly Hussein (EGY)
1839,Assistant 2,VELASQUEZ Guillermo (COL)
1770,Assistant 2,YAMASAKI MALDONADO Arturo (MEX)
1747,Assistant 2,TSCHENSCHER Kurt (GER)
1884,Assistant 2,HORVAT Drago (YUG)
1893,Assistant 2,SBARDELLA Antonio (ITA)
1919,Assistant 2,LORAUX Vital (BEL)
1753,Assistant 2,DAVIDSON Bob (SCO)
1880,Assistant 2,HORVAT Drago (YUG)
1774,Assistant 2,SALDANHA RIBEIRO Antonio (POR)
1764,Assistant 2,MACHIN Roger (FRA)
1820,Assistant 2,TAYLOR John (ENG)
1922,Assistant 2,RADULESCU Andrei (ROU)
1840,Assistant 2,SBARDELLA Antonio (ITA)
1769,Assistant 2,LORAUX Vital (BEL)
1823,Assistant 2,DE MORAES Ayrton Vieira (BRA)
1877,Assistant 2,TSCHENSCHER Kurt (GER)
1779,Assistant 2,VAN RAVENS Laurens (NED)
1813,Assistant 2,MARSCHALL Ferdinand (AUT)
1752,Assistant 2,HORMAZABAL DIAZ Rafael (CHI)
1882,Assistant 2,LANDAUER Henry (USA)
1811,Assistant 2,ORTIZ DE MENDIBIL Jose Maria (ESP)
1768,Assistant 2,EMSBERGER Gyula (HUN)
1925,Assistant 2,GLOECKNER Rudolf (GDR)
1771,Assistant 2,MARSCHALL Ferdinand (AUT)
1838,Assistant 2,VELASQUEZ Guillermo (COL)
1843,Assistant 2,AGUILAR ELIZALDE Abel (MEX)
1765,Assistant 2,COEREZZA Norberto Angel (ARG)
1986,Assistant 2,PESTARINO Luis (ARG)
2003,Assistant 2,WINSEMANN Werner (CAN)
1955,Assistant 2,DELGADO Omar (COL)
2176,Assistant 2,WEYLAND Hans Joachim (FRG)
2098,Assistant 2,RAINEA Nicolae (ROU)
1995,Assistant 2,SUPPIAH George (SIN)
2083,Assistant 2,MARQUES Armando (BRA)
1952,Assistant 2,DAVIDSON Bob (SCO)
1954,Assistant 2,PEREZ NUNEZ Edison A. (PER)
1985,Assistant 2,LINEMAYR Erich (AUT)
2004,Assistant 2,DAVIDSON Bob (SCO)
2186,Assistant 2,BARRETO RUIZ Ramon (URU)
2097,Assistant 2,THOMAS Clive (WAL)
1996,Assistant 2,OHMSEN Klaus (GER)
2085,Assistant 2,ESCHWEILER Walter (GER)
1949,Assistant 2,RAINEA Nicolae (ROU)
2175,Assistant 2,TSCHENSCHER Kurt (GER)
1953,Assistant 2,VAN GEMERT Arie (NED)
1987,Assistant 2,OHMSEN Klaus (GER)
2062,Assistant 2,PESTARINO Luis (ARG)
1990,Assistant 2,ESCHWEILER Walter (GER)
1947,Assistant 2,NDIAYE Birame (SEN)
2181,Assistant 2,ALDINGER Heinz (GER)
2129,Assistant 2,SCHULENBURG Gerhard (GER)
2066,Assistant 2,PEREZ NUNEZ Edison A. (PER)
1982,Assistant 2,BOSKOVIC Tony (AUS)
1948,Assistant 2,KAZAKOV Pavel (URS)
2167,Assistant 2,PESTARINO Luis (ARG)
1945,Assistant 2,TAYLOR John (ENG)
2170,Assistant 2,WINSEMANN Werner (CAN)
2067,Assistant 2,DELGADO Omar (COL)
2065,Assistant 2,SANCHEZ IBANEZ Pablo (ESP)
2064,Assistant 2,SCHEURER Ruedi (SUI)
1983,Assistant 2,SUPPIAH George (SIN)
1946,Assistant 2,THOMAS Clive (WAL)
2182,Assistant 2,LLOBREGAT Vicente (VEN)
1984,Assistant 2,NDIAYE Birame (SEN)
2063,Assistant 2,BARRETO RUIZ Ramon (URU)
2351,Assistant 2,COMESANA Miguel (ARG)
2347,Assistant 2,SILVAGNO CAVANNA Juan (CHI)
2433,Assistant 2,GONELLA Sergio (ITA)
2199,Assistant 2,PARTRIDGE Pat (ENG)
2253,Assistant 2,NAMDAR Jafar (IRN)
2216,Assistant 2,IVANOV Anatoly (URS)
2451,Assistant 2,MARTINEZ Angel (ESP)
2388,Assistant 2,COMESANA Miguel (ARG)
2396,Assistant 2,GORDON John (SCO)
2454,Assistant 2,THOMAS Clive (WAL)
2350,Assistant 2,RION Francis (BEL)
2197,Assistant 2,WINSEMANN Werner (CAN)
2246,Assistant 2,ITHURRALDE Arturo Andres (ARG)
2224,Assistant 2,SEOUDI Hedi (TUN)
2408,Assistant 2,COELHO Arnaldo (BRA)
2394,Assistant 2,IVANOV Anatoly (URS)
2344,Assistant 2,SILVAGNO CAVANNA Juan (CHI)
2431,Assistant 2,CORVER Charles (NED)
2352,Assistant 2,PESTARINO Luis (ARG)
2200,Assistant 2,RION Francis (BEL)
2215,Assistant 2,GEBREYESUS DIFUE Tesfaye (ERI)
2337,Assistant 2,PROKOP Adolf (GDR)
2405,Assistant 2,WINSEMANN Werner (CAN)
2395,Assistant 2,SEOUDI Hedi (TUN)
2349,Assistant 2,COMESANA Miguel (ARG)
2220,Assistant 2,BOUZO Farouk (SYR)
2251,Assistant 2,WINSEMANN Werner (CAN)
2202,Assistant 2,GEBREYESUS DIFUE Tesfaye (ERI)
2450,Assistant 2,CORVER Charles (NED)
2221,Assistant 2,NDIAYE Youssou (SEN)
2348,Assistant 2,COELHO Arnaldo (BRA)
2196,Assistant 2,PROKOP Adolf (GDR)
2391,Assistant 2,OROZCO GUERRERO Cesar (PER)
2217,Assistant 2,GARRIDO Antonio (POR)
2252,Assistant 2,GONZALEZ ARCHUNDIA Alfonso (MEX)
2201,Assistant 2,GONELLA Sergio (ITA)
2247,Assistant 2,PALOTAI Karoly (HUN)
2198,Assistant 2,LINEMAYR Erich (AUT)
749,Assistant 2,JARGUZ Alojzy (POL)
995,Assistant 2,RAINEA Nicolae (ROU)
791,Assistant 2,GARCIA CARRION Jose L. (ESP)
833,Assistant 2,PROKOP Adolf (GDR)
896,Assistant 2,LUND-SORENSEN Henning (DEN)
1051,Assistant 2,EL GHOUL Yusef Mohamed (LBY)
741,Assistant 2,CASARIN Paolo (ITA)
878,Assistant 2,COELHO Arnaldo (BRA)
901,Assistant 2,BARRANCOS Luis (BOL)
764,Assistant 2,ARISTIZABAL MURCIA Gilberto (COL)
1012,Assistant 2,VALENTINE Robert (SCO)
1044,Assistant 2,PALOTAI Karoly (HUN)
994,Assistant 2,KLEIN Abraham (ISR)
752,Assistant 2,RAINEA Nicolae (ROU)
790,Assistant 2,PROKOP Adolf (GDR)
834,Assistant 2,RUBIO VAZQUEZ Mario (MEX)
774,Assistant 2,JARGUZ Alojzy (POL)
1054,Assistant 2,WHITE Clive (ENG)
813,Assistant 2,BOSKOVIC Tony (AUS)
889,Assistant 2,ARISTIZABAL MURCIA Gilberto (COL)
903,Assistant 2,ITHURRALDE Arturo Andres (ARG)
739,Assistant 2,AL DOY Ebrahim (BHR)
919,Assistant 2,MATOVINOVIC Damir (CRO)
959,Assistant 2,CASARIN Paolo (ITA)
1055,Assistant 2,SANCHEZ ARMINIO Victoriano (ESP)
779,Assistant 2,LACARNE Belaid (ALG)
1071,Assistant 2,PONNET Alexis (BEL)
828,Assistant 2,SANCHEZ ARMINIO Victoriano (ESP)
751,Assistant 2,LACARNE Belaid (ALG)
789,Assistant 2,CORVER Charles (NED)
740,Assistant 2,COELHO Arnaldo (BRA)
922,Assistant 2,PALOTAI Karoly (HUN)
962,Assistant 2,ITHURRALDE Arturo Andres (ARG)
770,Assistant 2,COELHO Arnaldo (BRA)
882,Assistant 2,GARCIA CARRION Jose L. (ESP)
902,Assistant 2,PONNET Alexis (BEL)
767,Assistant 2,MATOVINOVIC Damir (CRO)
782,Assistant 2,CASTRO Gaston (CHI)
753,Assistant 2,LACARNE Belaid (ALG)
879,Assistant 2,MENDEZ MOLINA Romulo (GUA)
771,Assistant 2,ESCHWEILER Walter (GER)
783,Assistant 2,GARRIDO Antonio (POR)
750,Assistant 2,CASTRO Gaston (CHI)
900,Assistant 2,PALOTAI Karoly (HUN)
920,Assistant 2,EL GHOUL Yusef Mohamed (LBY)
1058,Assistant 2,WHITE Clive (ENG)
788,Assistant 2,DOTCHEV Bogdan (BUL)
877,Assistant 2,LACARNE Belaid (ALG)
996,Assistant 2,ARISTIZABAL MURCIA Gilberto (COL)
914,Assistant 2,VALENTINE Robert (SCO)
921,Assistant 2,LACARNE Belaid (ALG)
923,Assistant 2,CHRISTOV Vojtech (TCH)
459,Assistant 2,ROTH Volker (GER)
468,Assistant 2,ULLOA MORERA Berny (CRC)
439,Assistant 2,KEIZER Jan (NED)
610,Assistant 2,BRUMMEIER Horst (AUT)
395,Assistant 2,DIAZ PALACIO Jesus (COL)
674,Assistant 2,TRAORE Idrissa (MLI)
379,Assistant 2,PETROVIC Zoran (SRB)
428,Assistant 2,MENDEZ MOLINA Romulo (GUA)
538,Assistant 2,AL SHARIF Jamal (SYR)
628,Assistant 2,SOCHA David (USA)
517,Assistant 2,AL SHANAR Fallaj Khuzam (KSA)
585,Assistant 2,SILVA VALENTE Carlos Alberto (POR)
394,Assistant 2,SNODDY Alan (NIR)
571,Assistant 2,TAKADA Shizuo (JPN)
460,Assistant 2,BUTENKO Valeri (RUS)
475,Assistant 2,BAMBRIDGE Christopher (AUS)
377,Assistant 2,QUINIOU Joel (FRA)
533,Assistant 2,KIRSCHEN Siegfried (GER)
551,Assistant 2,NEMETH Lajos (HUN)
680,Assistant 2,IGNA Ioan (ROU)
701,Assistant 2,TAKADA Shizuo (JPN)
427,Assistant 2,SANCHEZ ARMINIO Victoriano (ESP)
522,Assistant 2,ARPPI FILHO Romualdo (BRA)
580,Assistant 2,SNODDY Alan (NIR)
567,Assistant 2,DAINA Andre (SUI)
476,Assistant 2,GONZALEZ ROA Gabriel (PAR)
643,Assistant 2,AL SHARIF Jamal (SYR)
389,Assistant 2,MARTINEZ BAZAN Jose Luis (URU)
429,Assistant 2,SILVA ARCE Hernan (CHI)
627,Assistant 2,AGNOLIN Luigi (ITA)
675,Assistant 2,ROTH Volker (GER)
537,Assistant 2,CHRISTOV Vojtech (TCH)
441,Assistant 2,COURTNEY George (ENG)
378,Assistant 2,ESPOSITO Carlos (ARG)
712,Assistant 2,BENNACEUR Ali (TUN)
512,Assistant 2,FREDRIKSSON Erik (SWE)
432,Assistant 2,SOCHA David (USA)
463,Assistant 2,IGNA Ioan (ROU)
398,Assistant 2,SILVA VALENTE Carlos Alberto (POR)
444,Assistant 2,SNODDY Alan (NIR)
568,Assistant 2,DIAZ PALACIO Jesus (COL)
574,Assistant 2,BRUMMEIER Horst (AUT)
536,Assistant 2,AL SHANAR Fallaj Khuzam (KSA)
511,Assistant 2,DOTCHEV Bogdan (BUL)
440,Assistant 2,CHRISTOV Vojtech (TCH)
575,Assistant 2,SNODDY Alan (NIR)
421,Assistant 2,BRUMMEIER Horst (AUT)
392,Assistant 2,DOTCHEV Bogdan (BUL)
564,Assistant 2,NEMETH Lajos (HUN)
388,Assistant 2,SILVA VALENTE Carlos Alberto (POR)
422,Assistant 2,AL SHARIF Jamal (SYR)
393,Assistant 2,ULLOA MORERA Berny (CRC)
26,Assistant 2,LISTKIEWICZ Michal (POL)
342,Assistant 2,SILVA ARCE Hernan (CHI)
119,Assistant 2,SNODDY Alan (NIR)
42,Assistant 2,SILVA VALENTE Carlos Alberto (POR)
355,Assistant 2,SCHMIDHUBER Aron (GER)
75,Assistant 2,JOUINI Neji (TUN)
201,Assistant 2,LISTKIEWICZ Michal (POL)
127,Assistant 2,JACOME GUERRERO Elias V. (ECU)
161,Assistant 2,ROETHLISBERGER Kurt (SUI)
57,Assistant 2,COURTNEY George (ENG)
151,Assistant 2,CARDELLINO DE SAN VICENTE Juan (URU)
180,Assistant 2,KIRSCHEN Siegfried (GER)
30,Assistant 2,AL SHARIF Jamal (SYR)
108,Assistant 2,PEREZ HOYOS Armando (COL)
120,Assistant 2,DIRAMBA Jean Fidele (GAB)
265,Assistant 2,ULLOA MORERA Berny (CRC)
43,Assistant 2,AL SHARIF Jamal (SYR)
198,Assistant 2,PAIRETTO Pierluigi (ITA)
73,Assistant 2,MANDI Jassim (BHR)
348,Assistant 2,LISTKIEWICZ Michal (POL)
160,Assistant 2,CODESAL MENDEZ Edgardo (MEX)
152,Assistant 2,LO BELLO Rosario (ITA)
175,Assistant 2,LOUSTAU Juan (ARG)
66,Assistant 2,SPIRIN Alexey (RUS)
29,Assistant 2,LONGHI Carlo (ITA)
111,Assistant 2,ROETHLISBERGER Kurt (SUI)
114,Assistant 2,LANESE Tullio (ITA)
364,Assistant 2,VAUTROT Michel (FRA)
263,Assistant 2,SMITH George (SCO)
48,Assistant 2,PETROVIC Zoran (SRB)
74,Assistant 2,KIRSCHEN Siegfried (GER)
128,Assistant 2,COURTNEY George (ENG)
290,Assistant 2,JOUINI Neji (TUN)
56,Assistant 2,MAURO Vincent (USA)
228,Assistant 2,HANSAL Mohamed (ALG)
150,Assistant 2,CODESAL MENDEZ Edgardo (MEX)
102,Assistant 2,ULLOA MORERA Berny (CRC)
129,Assistant 2,D ELIA Pietro (ITA)
25,Assistant 2,PAIRETTO Pierluigi (ITA)
196,Assistant 2,MAURO Vincent (USA)
248,Assistant 2,MANDI Jassim (BHR)
264,Assistant 2,PETROVIC Zoran (SRB)
181,Assistant 2,LISTKIEWICZ Michal (POL)
55,Assistant 2,TAKADA Shizuo (JPN)
31,Assistant 2,HANSAL Mohamed (ALG)
243,Assistant 2,ULLOA MORERA Berny (CRC)
197,Assistant 2,LISTKIEWICZ Michal (POL)
103,Assistant 2,MANDI Jassim (BHR)
28,Assistant 2,MIKKELSEN Peter (DEN)
159,Assistant 2,PEREZ HOYOS Armando (COL)
162,Assistant 2,ROETHLISBERGER Kurt (SUI)
27,Assistant 2,LISTKIEWICZ Michal (POL)
3050,Assistant 2,PEARSON Roy (ENG)
3049,Assistant 2,DUNSTER Gordon (AUS)
3051,Assistant 2,ZARATE Venancio (PAR)
3052,Assistant 2,PARK Hae-Yong (KOR)
3053,Assistant 2,JAMES Douglas Micael (TRI)
3054,Assistant 2,YLI-KARRO Tapio (FIN)
3055,Assistant 2,IVANOV Valentin (RUS)
3056,Assistant 2,AL GHATTAN Yousif Abdulla (BAH)
3058,Assistant 2,MARTON Sandor (HUN)
3057,Assistant 2,RAMICONE Domenico (ITA)
3059,Assistant 2,DOLSTRA Jan (NED)
3061,Assistant 2,BRAZZALE Eugene (AUS)
3060,Assistant 2,TAIBI Ernesto (ARG)
3062,Assistant 2,FANAEI Mohammad (IRN)
3063,Assistant 2,RHARIB El Jilali Mohamed (MAR)
3064,Assistant 2,PEARSON Roy (ENG)
3065,Assistant 2,EVERSTIG Mikael (SWE)
3066,Assistant 2,ALVES Paulo Jorge (BRA)
3068,Assistant 2,HASSAN Abdel-Magid (EGY)
3067,Assistant 2,CHRISTENSEN Carl-Johan Meyer (DEN)
3069,Assistant 2,LISTKIEWICZ Michal (POL)
3070,Assistant 2,YLI-KARRO Tapio (FIN)
3071,Assistant 2,MATTHYS Luc (BEL)
3072,Assistant 2,CALIX GARCIA Raimundo (HON)
3073,Assistant 2,DUNSTER Gordon (AUS)
3074,Assistant 2,JAMES Douglas Micael (TRI)
3076,Assistant 2,HASSAN Abdel-Magid (EGY)
3075,Assistant 2,AL GHATTAN Yousif Abdulla (BAH)
3077,Assistant 2,PARK Hae-Yong (KOR)
3080,Assistant 2,MATTHYS Luc (BEL)
3078,Assistant 2,BRAZZALE Eugene (AUS)
3079,Assistant 2,DOLSTRA Jan (NED)
3081,Assistant 2,EVERSTIG Mikael (SWE)
3082,Assistant 2,TAIBI Ernesto (ARG)
3083,Assistant 2,ALVES Paulo Jorge (BRA)
3084,Assistant 2,RHARIB El Jilali Mohamed (MAR)
3085,Assistant 2,CHRISTENSEN Carl-Johan Meyer (DEN)
3086,Assistant 2,MARTON Sandor (HUN)
3087,Assistant 2,CALIX GARCIA Raimundo (HON)
3088,Assistant 2,MATTHYS Luc (BEL)
3089,Assistant 2,BRAZZALE Eugene (AUS)
3090,Assistant 2,EVERSTIG Mikael (SWE)
3091,Assistant 2,ZARATE Venancio (PAR)
3092,Assistant 2,AL GHATTAN Yousif Abdulla (BAH)
3097,Assistant 2,MATTHYS Luc (BEL)
3098,Assistant 2,FANAEI Mohammad (IRN)
3096,Assistant 2,MARTON Sandor (HUN)
3095,Assistant 2,PARK Hae-Yong (KOR)
3100,Assistant 2,PEARSON Roy (ENG)
3099,Assistant 2,MATTHYS Luc (BEL)
3103,Assistant 2,TAIBI Ernesto (ARG)
3104,Assistant 2,FANAEI Mohammad (IRN)
4000,Assistant 2,ARANGO Jorge Luis (COL)
8725,Assistant 2,WICKRAMATUNGA Nimal (SRI)
8726,Assistant 2,MANSRI Mohamed (TUN)
8727,Assistant 2,SALINAS Reynaldo (HON)
8728,Assistant 2,GHADANFARI Hussain (KUW)
8729,Assistant 2,DIAZ GALVEZ Jorge (CHI)
8730,Assistant 2,GONZALES Merere (TRI)
8731,Assistant 2,DUPANOV Yuri (BLR)
8732,Assistant 2,SCHNEIDER Erich (GER)
8733,Assistant 2,ZAMMIT Emanuel (MLT)
8734,Assistant 2,FOLEY Eddie (IRL)
8735,Assistant 2,POCIEGIEL Jacek (POL)
8736,Assistant 2,POUDEVIGNE Jacques (FRA)
8740,Assistant 2,DANTE Dramane (MLI)
8739,Assistant 2,ABDUL HAMID Halim (MAS)
8738,Assistant 2,NILSSON Mikael (SWE)
8741,Assistant 2,RAUSIS Laurent (SUI)
8742,Assistant 2,WARREN Mark (ENG)
8743,Assistant 2,TRESACO GRACIA Fernando (ESP)
8744,Assistant 2,ROSSI Claudio (ARG)
8746,Assistant 2,GALVAN Celestino (PAR)
8745,Assistant 2,TORRES ZUNIGA Luis (CRC)
8747,Assistant 2,PINTO Arnaldo (BRA)
8748,Assistant 2,POWELL Owen (JAM)
8751,Assistant 2,SALIE Achmat (RSA)
8750,Assistant 2,AL MUSAWI Mohamed (OMA)
8749,Assistant 2,DUPANOV Yuri (BLR)
8753,Assistant 2,VAN DEN BROECK Marc (BEL)
8752,Assistant 2,MAZZEI Gennaro (ITA)
8754,Assistant 2,GRIGORESCU Nicolae (ROU)
8755,Assistant 2,AMLER Evzen (CZE)
8756,Assistant 2,SOLDATOS Aristidis Chris (RSA)
8757,Assistant 2,JEON Young Hyun (KOR)
8760,Assistant 2,ABDUL HAMID Halim (MAS)
8758,Assistant 2,FRED Lencie (VAN)
8759,Assistant 2,DANTE Dramane (MLI)
8762,Assistant 2,ZAMMIT Emanuel (MLT)
8764,Assistant 2,FOLEY Eddie (IRL)
8761,Assistant 2,ROSSI Claudio (ARG)
8763,Assistant 2,NILSSON Mikael (SWE)
8765,Assistant 2,ARANGO Jorge Luis (COL)
8766,Assistant 2,GHADANFARI Hussain (KUW)
8767,Assistant 2,DIAZ GALVEZ Jorge (CHI)
8768,Assistant 2,WARREN Mark (ENG)
8771,Assistant 2,DANTE Dramane (MLI)
8772,Assistant 2,MANSRI Mohamed (TUN)
8769,Assistant 2,DUPANOV Yuri (BLR)
8770,Assistant 2,SALINAS Reynaldo (HON)
8774,Assistant 2,VAN DEN BROECK Marc (BEL)
8773,Assistant 2,POWELL Owen (JAM)
8776,Assistant 2,FRED Lencie (VAN)
8775,Assistant 2,TRESACO GRACIA Fernando (ESP)
8777,Assistant 2,SALIE Achmat (RSA)
8778,Assistant 2,GRIGORESCU Nicolae (ROU)
8780,Assistant 2,PINTO Arnaldo (BRA)
8779,Assistant 2,AL MUSAWI Mohamed (OMA)
8781,Assistant 2,GRIGORESCU Nicolae (ROU)
8782,Assistant 2,DANTE Dramane (MLI)
8784,Assistant 2,SALINAS Reynaldo (HON)
8783,Assistant 2,VAN DEN BROECK Marc (BEL)
8785,Assistant 2,AL MUSAWI Mohamed (OMA)
8786,Assistant 2,DIAZ GALVEZ Jorge (CHI)
8787,Assistant 2,FRED Lencie (VAN)
8788,Assistant 2,SALIE Achmat (RSA)
43950001,Assistant 2,RATTALINO Jorge (ARG)
43950003,Assistant 2,DANTE Dramane (MLI)
43950002,Assistant 2,VAN NYLEN Roland (BEL)
43950004,Assistant 2,RAGOONATH Michael (TRI)
43950007,Assistant 2,MUELLER Heiner (GER)
43950006,Assistant 2,CHARLES Curtis (ATG)
43950005,Assistant 2,DUPANOV Yuri (BLR)
43950008,Assistant 2,BEREUTER Egon (AUT)
43950010,Assistant 2,FERNANDEZ Vladimir (SLV)
43950011,Assistant 2,SHARP Philip (ENG)
43950009,Assistant 2,ADJENGUI Taoufik (TUN)
43950012,Assistant 2,POOL Jaap (NED)
43950013,Assistant 2,DUPANOV Yuri (BLR)
43950014,Assistant 2,LINDBERG Leif (SWE)
43950015,Assistant 2,SMITH Paul (NZL)
43950016,Assistant 2,HASSOUNEH Awni (JOR)
43950017,Assistant 2,AMLER Evzen (CZE)
43950020,Assistant 2,KRISHNAN Visva (SIN)
43950019,Assistant 2,WIERZBOWSKI Maciej (POL)
43950018,Assistant 2,CHARLES Curtis (ATG)
43950021,Assistant 2,AWANG HAMAT Mat Lazim (MAS)
43950023,Assistant 2,SAEED Mohamed (MDV)
43950022,Assistant 2,MUDZAMIRI Brighton (ZIM)
43950024,Assistant 2,ALTRAIFI Ali (KSA)
43950026,Assistant 2,FIERRO Bomer (ECU)
43950025,Assistant 2,LARSEN Jens (DEN)
43950028,Assistant 2,MUDZAMIRI Brighton (ZIM)
43950029,Assistant 2,AMLER Evzen (CZE)
43950027,Assistant 2,KOLEIT Haidar (LIB)
43950030,Assistant 2,TOMUSANGE Ali (UGA)
43950032,Assistant 2,FARAG Wagih (EGY)
43950031,Assistant 2,KOMALEESWARAN Sankar (IND)
43950033,Assistant 2,DORIRI Elise (VAN)
43950034,Assistant 2,SZEKELY Ferenc (HUN)
43950036,Assistant 2,ARNAULT Frederic (FRA)
43950035,Assistant 2,OLIVEIRA Jorge (BRA)
43950037,Assistant 2,RAGOONATH Michael (TRI)
43950038,Assistant 2,AMLER Evzen (CZE)
43950040,Assistant 2,KRISHNAN Visva (SIN)
43950039,Assistant 2,HASSOUNEH Awni (JOR)
43950041,Assistant 2,BEREUTER Egon (AUT)
43950042,Assistant 2,CHARLES Curtis (ATG)
43950044,Assistant 2,VAN NYLEN Roland (BEL)
43950043,Assistant 2,AWANG HAMAT Mat Lazim (MAS)
43950045,Assistant 2,KOLEIT Haidar (LIB)
43950047,Assistant 2,SZEKELY Ferenc (HUN)
43950048,Assistant 2,POOL Jaap (NED)
43950046,Assistant 2,KOMALEESWARAN Sankar (IND)
43950050,Assistant 2,AMLER Evzen (CZE)
43950049,Assistant 2,DANTE Dramane (MLI)
43950052,Assistant 2,SRAMKA Igor (SVK)
43950051,Assistant 2,VERGARA Hector (CAN)
43950054,Assistant 2,SAEED Mohamed (MDV)
43950053,Assistant 2,BEREUTER Egon (AUT)
43950055,Assistant 2,SMITH Paul (NZL)
43950056,Assistant 2,SZEKELY Ferenc (HUN)
43950057,Assistant 2,SAEED Mohamed (MDV)
43950058,Assistant 2,ALTRAIFI Ali (KSA)
43950060,Assistant 2,GIACOMUZZI Miguel (PAR)
43950059,Assistant 2,RAGOONATH Michael (TRI)
43950061,Assistant 2,AMLER Evzen (CZE)
43950062,Assistant 2,SRAMKA Igor (SVK)
43950063,Assistant 2,VERGARA Hector (CAN)
43950064,Assistant 2,SHARP Philip (ENG)
97410001,Assistant 2,OTERO Rodolfo (ARG)
97410002,Assistant 2,KIM Dae Young (KOR)
97410003,Assistant 2,LEAL Leonel (CRC)
97410004,Assistant 2,GHULOUM Eisa (UAE)
97410005,Assistant 2,VROMANS Walter (BEL)
97410006,Assistant 2,SALVER Jan-Hendrik (GER)
97410007,Assistant 2,STAGNOLI Alessandro (ITA)
97410008,Assistant 2,FANDINO Pablo (URU)
97410012,Assistant 2,NDOYE Mamadou (SEN)
97410010,Assistant 2,BERNAL Manuel (PAR)
97410009,Assistant 2,CORONA Ednilson (BRA)
97410014,Assistant 2,TURNER Glenn (ENG)
97410013,Assistant 2,VOLNIN Evgueni (RUS)
97410011,Assistant 2,VERGARA Hector (CAN)
97410015,Assistant 2,ARNET Matthias (SUI)
97410016,Assistant 2,WILSON Ben (AUS)
97410017,Assistant 2,MEDINA HERNANDEZ Pedro (ESP)
97410018,Assistant 2,ADERODJOU Aboudou (BEN)
97410019,Assistant 2,KIM Dae Young (KOR)
97410020,Assistant 2,BALKO Martin (SVK)
97410021,Assistant 2,STAGNOLI Alessandro (ITA)
97410022,Assistant 2,NAVIA Jose (COL)
97410023,Assistant 2,GHULOUM Eisa (UAE)
97410024,Assistant 2,TEXIER Vincent (FRA)
97410026,Assistant 2,OTERO Rodolfo (ARG)
97410025,Assistant 2,FANDINO Pablo (URU)
97410028,Assistant 2,VROMANS Walter (BEL)
97410027,Assistant 2,SALVER Jan-Hendrik (GER)
97410029,Assistant 2,VERGARA Hector (CAN)
97410030,Assistant 2,BERNAL Manuel (PAR)
97410032,Assistant 2,TURNER Glenn (ENG)
97410031,Assistant 2,CORONA Ednilson (BRA)
97410033,Assistant 2,VOLNIN Evgueni (RUS)
97410034,Assistant 2,GHULOUM Eisa (UAE)
97410035,Assistant 2,ARNET Matthias (SUI)
97410036,Assistant 2,STAGNOLI Alessandro (ITA)
97410040,Assistant 2,WILSON Ben (AUS)
97410039,Assistant 2,BALKO Martin (SVK)
97410037,Assistant 2,MEDINA HERNANDEZ Pedro (ESP)
97410038,Assistant 2,LEAL Leonel (CRC)
97410041,Assistant 2,VERGARA Hector (CAN)
97410042,Assistant 2,SALVER Jan-Hendrik (GER)
97410043,Assistant 2,TEXIER Vincent (FRA)
97410044,Assistant 2,TURNER Glenn (ENG)
97410048,Assistant 2,BERNAL Manuel (PAR)
97410047,Assistant 2,ADERODJOU Aboudou (BEN)
97410045,Assistant 2,FANDINO Pablo (URU)
97410046,Assistant 2,OTERO Rodolfo (ARG)
97410049,Assistant 2,CORONA Ednilson (BRA)
97410050,Assistant 2,ARNET Matthias (SUI)
97410051,Assistant 2,VROMANS Walter (BEL)
97410052,Assistant 2,VOLNIN Evgueni (RUS)
97410053,Assistant 2,MEDINA HERNANDEZ Pedro (ESP)
97410054,Assistant 2,VERGARA Hector (CAN)
97410055,Assistant 2,BALKO Martin (SVK)
97410056,Assistant 2,STAGNOLI Alessandro (ITA)
97410057,Assistant 2,BALKO Martin (SVK)
97410058,Assistant 2,VROMANS Walter (BEL)
97410059,Assistant 2,OTERO Rodolfo (ARG)
97410060,Assistant 2,MEDINA HERNANDEZ Pedro (ESP)
97410061,Assistant 2,VERGARA Hector (CAN)
97410062,Assistant 2,FANDINO Pablo (URU)
97410063,Assistant 2,KIM Dae Young (KOR)
97410064,Assistant 2,OTERO Rodolfo (ARG)
300061454,Assistant 2,KOCHKAROV Bakhadyr (KGZ)
300061453,Assistant 2,JEONG Hae Sang (KOR)
300061459,Assistant 2,MAKASINI Tevita (TGA)
300061460,Assistant 2,PICKEL Mike (GER)
300061466,Assistant 2,BRAATZ Roberto (BRA)
300061465,Assistant 2,PASTRANA Carlos (HON)
300061471,Assistant 2,MAIDANA Hernan (ARG)
300111116,Assistant 2,MORIN Alberto (MEX)
300061478,Assistant 2,UGO Laurent (FRA)
300061477,Assistant 2,MIRANDA Bertino (POR)
300061484,Assistant 2,TORRENTERA Marvin (MEX)
300061483,Assistant 2,MOLEFE Enock (RSA)
300061489,Assistant 2,ESPINOSA Mauricio (URU)
300061490,Assistant 2,VAMOS Tibor (HUN)
300061495,Assistant 2,HASSANI Bechir (TUN)
300111112,Assistant 2,MULLARKEY Michael (ENG)
300061452,Assistant 2,BURAGINA Francesco (SUI)
300061458,Assistant 2,VROMANS Walter (BEL)
300061457,Assistant 2,CLAVIJO Humberto (COL)
300061451,Assistant 2,AL MARZOUQI Saleh (UAE)
300061470,Assistant 2,YUSTE Juan (ESP)
300061463,Assistant 2,MANUEL CANDIDO Inacio (ANG)
300061464,Assistant 2,KOCHKAROV Bakhadyr (KGZ)
300111117,Assistant 2,MAIDANA Hernan (ARG)
300061469,Assistant 2,AYROLDI Stefano (ITA)
300061475,Assistant 2,ESPINOSA Mauricio (URU)
300061481,Assistant 2,HASSANI Bechir (TUN)
300061482,Assistant 2,PASTRANA Carlos (HON)
300061488,Assistant 2,UGO Laurent (FRA)
300061487,Assistant 2,MONDRIA Francisco (CHI)
300061493,Assistant 2,AL MARZOUQI Saleh (UAE)
300061494,Assistant 2,JEONG Hae Sang (KOR)
300061450,Assistant 2,VAMOS Tibor (HUN)
300061449,Assistant 2,CLAVIJO Humberto (COL)
300111115,Assistant 2,MIRANDA Bertino (POR)
300061455,Assistant 2,KOCHKAROV Bakhadyr (KGZ)
300061462,Assistant 2,PICKEL Mike (GER)
300061461,Assistant 2,VROMANS Walter (BEL)
300061468,Assistant 2,BRAATZ Roberto (BRA)
300061467,Assistant 2,ESPINOSA Mauricio (URU)
300061480,Assistant 2,MULLARKEY Michael (ENG)
300061479,Assistant 2,JEONG Hae Sang (KOR)
300061474,Assistant 2,MOLEFE Enock (RSA)
300061473,Assistant 2,MONDRIA Francisco (CHI)
300111111,Assistant 2,TORRENTERA Marvin (MEX)
300061486,Assistant 2,YUSTE Juan (ESP)
300061491,Assistant 2,MORIN Alberto (MEX)
300061492,Assistant 2,MAIDANA Hernan (ARG)
300061504,Assistant 2,PICKEL Mike (GER)
300061503,Assistant 2,VAMOS Tibor (HUN)
300061501,Assistant 2,ESPINOSA Mauricio (URU)
300061502,Assistant 2,AYROLDI Stefano (ITA)
300111113,Assistant 2,YUSTE Juan (ESP)
300061500,Assistant 2,MULLARKEY Michael (ENG)
300061497,Assistant 2,VROMANS Walter (BEL)
300061498,Assistant 2,MAIDANA Hernan (ARG)
300061507,Assistant 2,JEONG Hae Sang (KOR)
300061508,Assistant 2,MIRANDA Bertino (POR)
300061505,Assistant 2,KOCHKAROV Bakhadyr (KGZ)
300061506,Assistant 2,PASTRANA Carlos (HON)
300061512,Assistant 2,KOCHKAROV Bakhadyr (KGZ)
300111114,Assistant 2,VAMOS Tibor (HUN)
300061510,Assistant 2,TORRENTERA Marvin (MEX)
300061509,Assistant 2,MULLARKEY Michael (ENG)
300186456,Assistant 2,NAGI Toshiyuki (JPN)
300186492,Assistant 2,DIAZ Eduardo (COL)
300186510,Assistant 2,Andrea STEFANI (ITA)
300186473,Assistant 2,BIRUMUSHAHU Jean Claude (BDI)
300186471,Assistant 2,FLETCHER Joe (CAN)
300186489,Assistant 2,LUPP Stefan (GER)
300186513,Assistant 2,Erwin ZEINSTRA (NED)
300186507,Assistant 2,ROMAN Sergio (CHI)
300186494,Assistant 2,KOCHKAROV Bakhadyr (KGZ)
300186496,Assistant 2,VAN GASSE Marcelo (BRA)
300186477,Assistant 2,ZUMBA Juan (SLV)
300186475,Assistant 2,DJURDJEVIC Dalibor (SRB)
300186505,Assistant 2,ROMERO Byron (ECU)
300186512,Assistant 2,WARNMARK Daniel (SWE)
300186479,Assistant 2,QUINTERO Marcos (MEX)
300186509,Assistant 2,ONGUN Tarik (TUR)
300186499,Assistant 2,BELATTI Juan Pablo (ARG)
300186478,Assistant 2,ETCHIALI Abdelhak (ALG)
300186498,Assistant 2,FLETCHER Joe (CAN)
300186453,Assistant 2,TRIGO Jose (POR)
300186468,Assistant 2,Darren CANN (ENG)
300186486,Assistant 2,YUSTE Juan (ESP)
300186454,Assistant 2,ZUMBA Juan (SLV)
300186500,Assistant 2,ROMAN Sergio (CHI)
300186514,Assistant 2,Erwin ZEINSTRA (NED)
300186463,Assistant 2,ANAZ Hakan (AUS)
300186466,Assistant 2,DJURDJEVIC Dalibor (SRB)
300186493,Assistant 2,VAN GASSE Marcelo (BRA)
300186511,Assistant 2,RULE Mark (NZL)
300186481,Assistant 2,LUPP Stefan (GER)
300186495,Assistant 2,LESCANO Christian (ECU)
300186483,Assistant 2,BELATTI Juan Pablo (ARG)
300186467,Assistant 2,SALEH Ebrahim (BHR)
300186470,Assistant 2,KABANDA Felicien (RWA)
300186472,Assistant 2,WARNMARK Daniel (SWE)
300186452,Assistant 2,KOCHKAROV Bakhadyr (KGZ)
300186465,Assistant 2,QUINTERO Marcos (MEX)
300186484,Assistant 2,ETCHIALI Abdelhak (ALG)
300186457,Assistant 2,TRIGO Jose (POR)
300186455,Assistant 2,ROMERO Byron (ECU)
300186458,Assistant 2,Andrea STEFANI (ITA)
300186464,Assistant 2,YUSTE Juan (ESP)
300186482,Assistant 2,BELATTI Juan Pablo (ARG)
300186515,Assistant 2,BIRUMUSHAHU Jean Claude (BDI)
300186469,Assistant 2,KOCHKAROV Bakhadyr (KGZ)
300186476,Assistant 2,SALEH Ebrahim (BHR)
300186480,Assistant 2,ANAZ Hakan (AUS)
300186506,Assistant 2,ONGUN Tarik (TUR)
300186487,Assistant 2,Darren CANN (ENG)
300186491,Assistant 2,Erwin ZEINSTRA (NED)
300186462,Assistant 2,FLETCHER Joe (CAN)
300186460,Assistant 2,VAN GASSE Marcelo (BRA)
300186461,Assistant 2,YUSTE Juan (ESP)
300186485,Assistant 2,BELATTI Juan Pablo (ARG)
300186474,Assistant 2,QUINTERO Marcos (MEX)
300186502,Assistant 2,ETCHIALI Abdelhak (ALG)
300186501,Assistant 2,Andrea STEFANI (ITA)
300186490,Assistant 2,ONGUN Tarik (TUR)
300186488,Assistant 2,KOCHKAROV Bakhadyr (KGZ)
300186504,Assistant 2,Andrea STEFANI (ITA)
300186508,Assistant 2,TRIGO Jose (POR)
300186459,Assistant 2,ANAZ Hakan (AUS)
300186503,Assistant 2,WARNMARK Daniel (SWE)
300186497,Assistant 2,ETCHIALI Abdelhak (ALG)
